0 verbose cli C:\Program Files\nodejs\node.exe C:\Program Files\nodejs\node_modules\npm\bin\npm-cli.js
1 info using npm@11.16.0
2 info using node@v24.18.0
3 silly config load:file:C:\Program Files\nodejs\node_modules\npm\npmrc
4 silly config load:file:C:\Users\Quintin\OneDrive\Documents\GitHub\TCG\.npmrc
5 silly config load:file:C:\Users\Quintin\.npmrc
6 silly config load:file:C:\Users\Quintin\AppData\Roaming\npm\etc\npmrc
7 verbose title npm install resend @sentry/nextjs
8 verbose argv "install" "resend" "@sentry/nextjs" "--cache" "C:\\Users\\Quintin\\OneDrive\\Documents\\GitHub\\TCG\\.npm-cache"
9 verbose logfile logs-max:10 dir:C:\Users\Quintin\OneDrive\Documents\GitHub\TCG\.npm-cache\_logs\2026-08-31T15_37_00_513Z-
10 verbose logfile C:\Users\Quintin\OneDrive\Documents\GitHub\TCG\.npm-cache\_logs\2026-08-31T15_37_00_513Z-debug-0.log
11 silly logfile done cleaning log files
12 silly packumentCache heap:4496293888 maxSize:1124073472 maxEntrySize:562036736
13 silly idealTree buildDeps
14 silly fetch manifest resend@*
15 silly packumentCache full:https://registry.npmjs.org/resend cache-miss
16 verbose shrinkwrap failed to load node_modules/.package-lock.json out of date, updated: node_modules
17 http fetch GET 200 https://registry.npmjs.org/resend 136ms (cache miss)
18 silly packumentCache full:https://registry.npmjs.org/resend set size:undefined disposed:false
19 silly fetch manifest @react-email/render@*
20 silly packumentCache full:https://registry.npmjs.org/@react-email%2frender cache-miss
21 http fetch GET 200 https://registry.npmjs.org/npm 271ms
22 http fetch GET 200 https://registry.npmjs.org/@react-email%2frender 226ms (cache miss)
23 silly packumentCache full:https://registry.npmjs.org/@react-email%2frender set size:undefined disposed:false
24 silly fetch manifest react@19.2.4
25 silly packumentCache full:https://registry.npmjs.org/react cache-miss
26 http fetch GET 200 https://registry.npmjs.org/react 172ms (cache miss)
27 silly packumentCache full:https://registry.npmjs.org/react set size:undefined disposed:false
28 silly fetch manifest react-dom@19.2.4
29 silly packumentCache full:https://registry.npmjs.org/react-dom cache-miss
30 http fetch GET 200 https://registry.npmjs.org/react-dom 320ms (cache miss)
31 silly packumentCache full:https://registry.npmjs.org/react-dom set size:undefined disposed:false
32 silly fetch manifest @sentry/nextjs@*
33 silly packumentCache full:https://registry.npmjs.org/@sentry%2fnextjs cache-miss
34 http fetch GET 200 https://registry.npmjs.org/@sentry%2fnextjs 116ms (cache miss)
35 silly packumentCache full:https://registry.npmjs.org/@sentry%2fnextjs set size:undefined disposed:false
36 silly fetch manifest next@16.2.4
37 silly packumentCache full:https://registry.npmjs.org/next cache-miss
38 http fetch GET 200 https://registry.npmjs.org/next 722ms (cache miss)
39 silly packumentCache full:https://registry.npmjs.org/next set size:undefined disposed:false
40 silly fetch manifest @opentelemetry/api@^1.1.0
41 silly packumentCache full:https://registry.npmjs.org/@opentelemetry%2fapi cache-miss
42 http fetch GET 200 https://registry.npmjs.org/@opentelemetry%2fapi 130ms (cache miss)
43 silly packumentCache full:https://registry.npmjs.org/@opentelemetry%2fapi set size:undefined disposed:false
44 silly fetch manifest @playwright/test@^1.51.1
45 silly packumentCache full:https://registry.npmjs.org/@playwright%2ftest cache-miss
46 http fetch GET 200 https://registry.npmjs.org/@playwright%2ftest 354ms (cache miss)
47 silly packumentCache full:https://registry.npmjs.org/@playwright%2ftest set size:undefined disposed:false
48 silly fetch manifest babel-plugin-react-compiler@1.0.0
49 silly packumentCache full:https://registry.npmjs.org/babel-plugin-react-compiler cache-miss
50 http fetch GET 200 https://registry.npmjs.org/babel-plugin-react-compiler 65ms (cache miss)
51 silly packumentCache full:https://registry.npmjs.org/babel-plugin-react-compiler set size:undefined disposed:false
52 silly fetch manifest sass@^1.3.0
53 silly packumentCache full:https://registry.npmjs.org/sass cache-miss
54 http fetch GET 200 https://registry.npmjs.org/sass 78ms (cache miss)
55 silly packumentCache full:https://registry.npmjs.org/sass set size:undefined disposed:false
56 silly placeDep ROOT @sentry/nextjs@10.72.0 OK for: one-piece-tcg@0.1.0 want: *
57 silly placeDep ROOT resend@6.25.0 OK for: one-piece-tcg@0.1.0 want: *
58 silly fetch manifest @sentry/core@10.72.0
59 silly packumentCache full:https://registry.npmjs.org/@sentry%2fcore cache-miss
60 silly fetch manifest @sentry/node@10.72.0
61 silly packumentCache full:https://registry.npmjs.org/@sentry%2fnode cache-miss
62 silly fetch manifest @sentry/react@10.72.0
63 silly packumentCache full:https://registry.npmjs.org/@sentry%2freact cache-miss
64 silly fetch manifest stacktrace-parser@^0.1.11
65 silly packumentCache full:https://registry.npmjs.org/stacktrace-parser cache-miss
66 silly fetch manifest @opentelemetry/api@^1.9.1
67 silly packumentCache full:https://registry.npmjs.org/@opentelemetry%2fapi cache-miss
68 silly fetch manifest @sentry/conventions@^0.16.0
69 silly packumentCache full:https://registry.npmjs.org/@sentry%2fconventions cache-miss
70 silly fetch manifest @sentry/vercel-edge@10.72.0
71 silly packumentCache full:https://registry.npmjs.org/@sentry%2fvercel-edge cache-miss
72 silly fetch manifest @sentry/server-utils@10.72.0
73 silly packumentCache full:https://registry.npmjs.org/@sentry%2fserver-utils cache-miss
74 silly fetch manifest @sentry/browser-utils@10.72.0
75 silly packumentCache full:https://registry.npmjs.org/@sentry%2fbrowser-utils cache-miss
76 silly fetch manifest @sentry/opentelemetry@10.72.0
77 silly packumentCache full:https://registry.npmjs.org/@sentry%2fopentelemetry cache-miss
78 silly fetch manifest @sentry/webpack-plugin@^5.3.0
79 silly packumentCache full:https://registry.npmjs.org/@sentry%2fwebpack-plugin cache-miss
80 silly fetch manifest @rollup/plugin-commonjs@28.0.1
81 silly packumentCache full:https://registry.npmjs.org/@rollup%2fplugin-commonjs cache-miss
82 silly fetch manifest @sentry/bundler-plugin-core@^5.3.0
83 silly packumentCache full:https://registry.npmjs.org/@sentry%2fbundler-plugin-core cache-miss
84 silly fetch manifest postal-mime@2.7.5
85 silly packumentCache full:https://registry.npmjs.org/postal-mime cache-miss
86 silly fetch manifest standardwebhooks@1.0.0
87 silly packumentCache full:https://registry.npmjs.org/standardwebhooks cache-miss
88 http cache https://registry.npmjs.org/@opentelemetry%2fapi 16ms (cache hit)
89 silly packumentCache full:https://registry.npmjs.org/@opentelemetry%2fapi set size:272967 disposed:false
90 http fetch GET 200 https://registry.npmjs.org/stacktrace-parser 91ms (cache miss)
91 silly packumentCache full:https://registry.npmjs.org/stacktrace-parser set size:undefined disposed:false
92 http fetch GET 200 https://registry.npmjs.org/standardwebhooks 94ms (cache miss)
93 silly packumentCache full:https://registry.npmjs.org/standardwebhooks set size:undefined disposed:false
94 http fetch GET 200 https://registry.npmjs.org/postal-mime 99ms (cache miss)
95 silly packumentCache full:https://registry.npmjs.org/postal-mime set size:undefined disposed:false
96 http fetch GET 200 https://registry.npmjs.org/@sentry%2fcore 125ms (cache miss)
97 silly packumentCache full:https://registry.npmjs.org/@sentry%2fcore set size:undefined disposed:false
98 http fetch GET 200 https://registry.npmjs.org/@sentry%2fbundler-plugin-core 137ms (cache miss)
99 silly packumentCache full:https://registry.npmjs.org/@sentry%2fbundler-plugin-core set size:undefined disposed:false
100 http fetch GET 200 https://registry.npmjs.org/@sentry%2fnode 161ms (cache miss)
101 silly packumentCache full:https://registry.npmjs.org/@sentry%2fnode set size:undefined disposed:false
102 http fetch GET 200 https://registry.npmjs.org/@rollup%2fplugin-commonjs 175ms (cache miss)
103 silly packumentCache full:https://registry.npmjs.org/@rollup%2fplugin-commonjs set size:undefined disposed:false
104 http fetch GET 200 https://registry.npmjs.org/@sentry%2fbrowser-utils 181ms (cache miss)
105 silly packumentCache full:https://registry.npmjs.org/@sentry%2fbrowser-utils set size:undefined disposed:false
106 http fetch GET 200 https://registry.npmjs.org/@sentry%2fconventions 182ms (cache miss)
107 silly packumentCache full:https://registry.npmjs.org/@sentry%2fconventions set size:undefined disposed:false
108 http fetch GET 200 https://registry.npmjs.org/@sentry%2fserver-utils 246ms (cache miss)
109 silly packumentCache full:https://registry.npmjs.org/@sentry%2fserver-utils set size:undefined disposed:false
110 http fetch GET 200 https://registry.npmjs.org/@sentry%2fvercel-edge 262ms (cache miss)
111 silly packumentCache full:https://registry.npmjs.org/@sentry%2fvercel-edge set size:undefined disposed:false
112 http fetch GET 200 https://registry.npmjs.org/@sentry%2fwebpack-plugin 268ms (cache miss)
113 silly packumentCache full:https://registry.npmjs.org/@sentry%2fwebpack-plugin set size:undefined disposed:false
114 http fetch GET 200 https://registry.npmjs.org/@sentry%2fopentelemetry 289ms (cache miss)
115 silly packumentCache full:https://registry.npmjs.org/@sentry%2fopentelemetry set size:undefined disposed:false
116 http fetch GET 200 https://registry.npmjs.org/@sentry%2freact 303ms (cache miss)
117 silly packumentCache full:https://registry.npmjs.org/@sentry%2freact set size:undefined disposed:false
118 silly fetch manifest react@^16.14.0 || 17.x || 18.x || 19.x
119 silly packumentCache full:https://registry.npmjs.org/react cache-miss
120 http cache https://registry.npmjs.org/react 9ms (cache hit)
121 silly packumentCache full:https://registry.npmjs.org/react set size:6926968 disposed:false
122 silly fetch manifest @opentelemetry/core@^1.30.1 || ^2.1.0
123 silly packumentCache full:https://registry.npmjs.org/@opentelemetry%2fcore cache-miss
124 http fetch GET 200 https://registry.npmjs.org/@opentelemetry%2fcore 85ms (cache miss)
125 silly packumentCache full:https://registry.npmjs.org/@opentelemetry%2fcore set size:undefined disposed:false
126 silly fetch manifest @opentelemetry/sdk-trace-base@^1.30.1 || ^2.1.0
127 silly packumentCache full:https://registry.npmjs.org/@opentelemetry%2fsdk-trace-base cache-miss
128 http fetch GET 200 https://registry.npmjs.org/@opentelemetry%2fsdk-trace-base 57ms (cache miss)
129 silly packumentCache full:https://registry.npmjs.org/@opentelemetry%2fsdk-trace-base set size:undefined disposed:false
130 silly fetch manifest webpack@>=5.0.0
131 silly packumentCache full:https://registry.npmjs.org/webpack cache-miss
132 http fetch GET 200 https://registry.npmjs.org/webpack 124ms (cache miss)
133 silly packumentCache full:https://registry.npmjs.org/webpack set size:undefined disposed:false
134 silly fetch manifest rollup@^4.60.3
135 silly packumentCache full:https://registry.npmjs.org/rollup cache-miss
136 http fetch GET 200 https://registry.npmjs.org/rollup 128ms (cache miss)
137 silly packumentCache full:https://registry.npmjs.org/rollup set size:undefined disposed:false
138 silly placeDep ROOT @opentelemetry/api@1.9.1 OK for: @sentry/nextjs@10.72.0 want: ^1.9.1
139 silly placeDep ROOT @rollup/plugin-commonjs@28.0.1 OK for: @sentry/nextjs@10.72.0 want: 28.0.1
140 silly placeDep ROOT @sentry/browser-utils@10.72.0 OK for: @sentry/nextjs@10.72.0 want: 10.72.0
141 silly placeDep ROOT @sentry/bundler-plugin-core@5.3.0 OK for: @sentry/nextjs@10.72.0 want: ^5.3.0
142 silly placeDep ROOT @sentry/conventions@0.16.0 OK for: @sentry/nextjs@10.72.0 want: ^0.16.0
143 silly placeDep ROOT @sentry/core@10.72.0 OK for: @sentry/nextjs@10.72.0 want: 10.72.0
144 silly placeDep ROOT @sentry/node@10.72.0 OK for: @sentry/nextjs@10.72.0 want: 10.72.0
145 silly placeDep ROOT @sentry/opentelemetry@10.72.0 OK for: @sentry/nextjs@10.72.0 want: 10.72.0
146 silly placeDep ROOT @opentelemetry/core@2.10.0 OK for: @sentry/opentelemetry@10.72.0 want: ^1.30.1 || ^2.1.0
147 silly placeDep ROOT @opentelemetry/sdk-trace-base@2.10.0 OK for: @sentry/opentelemetry@10.72.0 want: ^1.30.1 || ^2.1.0
148 silly placeDep ROOT @sentry/react@10.72.0 OK for: @sentry/nextjs@10.72.0 want: 10.72.0
149 silly placeDep ROOT @sentry/server-utils@10.72.0 OK for: @sentry/nextjs@10.72.0 want: 10.72.0
150 silly placeDep ROOT @sentry/vercel-edge@10.72.0 OK for: @sentry/nextjs@10.72.0 want: 10.72.0
151 silly placeDep ROOT @sentry/webpack-plugin@5.4.0 OK for: @sentry/nextjs@10.72.0 want: ^5.3.0
152 silly placeDep ROOT webpack@5.110.2 OK for: @sentry/webpack-plugin@5.4.0 want: >=5.0.0
153 silly placeDep ROOT stacktrace-parser@0.1.11 OK for: @sentry/nextjs@10.72.0 want: ^0.1.11
154 silly fetch manifest fdir@^6.2.0
155 silly packumentCache full:https://registry.npmjs.org/fdir cache-miss
156 silly fetch manifest commondir@^1.0.1
157 silly packumentCache full:https://registry.npmjs.org/commondir cache-miss
158 silly fetch manifest picomatch@^4.0.2
159 silly packumentCache full:https://registry.npmjs.org/picomatch cache-miss
160 silly fetch manifest is-reference@1.2.1
161 silly packumentCache full:https://registry.npmjs.org/is-reference cache-miss
162 silly fetch manifest estree-walker@^2.0.2
163 silly packumentCache full:https://registry.npmjs.org/estree-walker cache-miss
164 silly fetch manifest @rollup/pluginutils@^5.0.1
165 silly packumentCache full:https://registry.npmjs.org/@rollup%2fpluginutils cache-miss
166 silly fetch manifest @sentry/babel-plugin-component-annotate@5.3.0
167 silly packumentCache full:https://registry.npmjs.org/@sentry%2fbabel-plugin-component-annotate cache-miss
168 silly fetch manifest @sentry/cli@^2.58.5
169 silly packumentCache full:https://registry.npmjs.org/@sentry%2fcli cache-miss
170 silly fetch manifest dotenv@^16.3.1
171 silly packumentCache full:https://registry.npmjs.org/dotenv cache-miss
172 silly fetch manifest glob@^13.0.6
173 silly packumentCache full:https://registry.npmjs.org/glob cache-miss
174 silly fetch manifest @sentry/node-core@10.72.0
175 silly packumentCache full:https://registry.npmjs.org/@sentry%2fnode-core cache-miss
176 silly fetch manifest import-in-the-middle@^3.0.0
177 silly packumentCache full:https://registry.npmjs.org/import-in-the-middle cache-miss
178 silly fetch manifest @opentelemetry/sdk-trace-base@^2.9.0
179 silly packumentCache full:https://registry.npmjs.org/@opentelemetry%2fsdk-trace-base cache-miss
180 silly fetch manifest @opentelemetry/instrumentation@^0.220.0
181 silly packumentCache full:https://registry.npmjs.org/@opentelemetry%2finstrumentation cache-miss
182 silly fetch manifest @opentelemetry/resources@2.10.0
183 silly packumentCache full:https://registry.npmjs.org/@opentelemetry%2fresources cache-miss
184 silly fetch manifest @opentelemetry/sdk-trace@2.10.0
185 silly packumentCache full:https://registry.npmjs.org/@opentelemetry%2fsdk-trace cache-miss
186 silly fetch manifest @opentelemetry/semantic-conventions@^1.29.0
187 silly packumentCache full:https://registry.npmjs.org/@opentelemetry%2fsemantic-conventions cache-miss
188 silly fetch manifest @opentelemetry/semantic-conventions@^1.29.0
189 silly packumentCache full:https://registry.npmjs.org/@opentelemetry%2fsemantic-conventions cache-miss
190 silly fetch manifest @sentry/browser@10.72.0
191 silly packumentCache full:https://registry.npmjs.org/@sentry%2fbrowser cache-miss
192 silly fetch manifest @sentry/bundler-plugins@^10.64.0
193 silly packumentCache full:https://registry.npmjs.org/@sentry%2fbundler-plugins cache-miss
194 silly fetch manifest events@^3.2.0
195 silly packumentCache full:https://registry.npmjs.org/events cache-miss
196 silly fetch manifest mime-db@^1.54.0
197 silly packumentCache full:https://registry.npmjs.org/mime-db cache-miss
198 silly fetch manifest neo-async@^2.6.2
199 silly packumentCache full:https://registry.npmjs.org/neo-async cache-miss
200 silly fetch manifest watchpack@^2.5.2
201 silly packumentCache full:https://registry.npmjs.org/watchpack cache-miss
202 silly fetch manifest schema-utils@^4.3.3
203 silly packumentCache full:https://registry.npmjs.org/schema-utils cache-miss
204 silly fetch manifest es-module-lexer@^2.1.0
205 silly packumentCache full:https://registry.npmjs.org/es-module-lexer cache-miss
206 silly fetch manifest webpack-sources@^3.5.1
207 silly packumentCache full:https://registry.npmjs.org/webpack-sources cache-miss
208 silly fetch manifest enhanced-resolve@^5.24.4
209 silly packumentCache full:https://registry.npmjs.org/enhanced-resolve cache-miss
210 silly fetch manifest @webassemblyjs/ast@^1.14.1
211 silly packumentCache full:https://registry.npmjs.org/@webassemblyjs%2fast cache-miss
212 silly fetch manifest chrome-trace-event@^1.0.2
213 silly packumentCache full:https://registry.npmjs.org/chrome-trace-event cache-miss
214 silly fetch manifest @webassemblyjs/wasm-edit@^1.14.1
215 silly packumentCache full:https://registry.npmjs.org/@webassemblyjs%2fwasm-edit cache-miss
216 http cache https://registry.npmjs.org/@opentelemetry%2fsdk-trace-base 16ms (cache hit)
217 silly packumentCache full:https://registry.npmjs.org/@opentelemetry%2fsdk-trace-base set size:339488 disposed:false
218 silly fetch manifest minimizer-webpack-plugin@^5.7.0
219 silly packumentCache full:https://registry.npmjs.org/minimizer-webpack-plugin cache-miss
220 http fetch GET 200 https://registry.npmjs.org/fdir 42ms (cache miss)
221 silly packumentCache full:https://registry.npmjs.org/fdir set size:undefined disposed:false
222 silly fetch manifest @webassemblyjs/wasm-parser@^1.14.1
223 silly packumentCache full:https://registry.npmjs.org/@webassemblyjs%2fwasm-parser cache-miss
224 http fetch GET 200 https://registry.npmjs.org/import-in-the-middle 49ms (cache miss)
225 silly packumentCache full:https://registry.npmjs.org/import-in-the-middle set size:undefined disposed:false
226 silly fetch manifest type-fest@^0.7.1
227 silly packumentCache full:https://registry.npmjs.org/type-fest cache-miss
228 http fetch GET 200 https://registry.npmjs.org/is-reference 53ms (cache miss)
229 silly packumentCache full:https://registry.npmjs.org/is-reference set size:undefined disposed:false
230 http fetch GET 200 https://registry.npmjs.org/estree-walker 55ms (cache miss)
231 silly packumentCache full:https://registry.npmjs.org/estree-walker set size:undefined disposed:false
232 http fetch GET 200 https://registry.npmjs.org/glob 57ms (cache miss)
233 silly packumentCache full:https://registry.npmjs.org/glob set size:undefined disposed:false
234 http fetch GET 200 https://registry.npmjs.org/commondir 61ms (cache miss)
235 silly packumentCache full:https://registry.npmjs.org/commondir set size:undefined disposed:false
236 http fetch GET 200 https://registry.npmjs.org/picomatch 62ms (cache miss)
237 silly packumentCache full:https://registry.npmjs.org/picomatch set size:undefined disposed:false
238 http fetch GET 200 https://registry.npmjs.org/dotenv 63ms (cache miss)
239 silly packumentCache full:https://registry.npmjs.org/dotenv set size:undefined disposed:false
240 http fetch GET 200 https://registry.npmjs.org/@sentry%2fnode-core 69ms (cache miss)
241 silly packumentCache full:https://registry.npmjs.org/@sentry%2fnode-core set size:undefined disposed:false
242 http fetch GET 200 https://registry.npmjs.org/@opentelemetry%2finstrumentation 75ms (cache miss)
243 silly packumentCache full:https://registry.npmjs.org/@opentelemetry%2finstrumentation set size:undefined disposed:false
244 http fetch GET 200 https://registry.npmjs.org/@opentelemetry%2fresources 84ms (cache miss)
245 silly packumentCache full:https://registry.npmjs.org/@opentelemetry%2fresources set size:undefined disposed:false
246 http fetch GET 200 https://registry.npmjs.org/@sentry%2fbabel-plugin-component-annotate 87ms (cache miss)
247 silly packumentCache full:https://registry.npmjs.org/@sentry%2fbabel-plugin-component-annotate set size:undefined disposed:false
248 http fetch GET 200 https://registry.npmjs.org/mime-db 95ms (cache miss)
249 silly packumentCache full:https://registry.npmjs.org/mime-db set size:undefined disposed:false
250 http fetch GET 200 https://registry.npmjs.org/events 100ms (cache miss)
251 silly packumentCache full:https://registry.npmjs.org/events set size:undefined disposed:false
252 http fetch GET 200 https://registry.npmjs.org/neo-async 101ms (cache miss)
253 silly packumentCache full:https://registry.npmjs.org/neo-async set size:undefined disposed:false
254 http fetch GET 200 https://registry.npmjs.org/watchpack 103ms (cache miss)
255 silly packumentCache full:https://registry.npmjs.org/watchpack set size:undefined disposed:false
256 http fetch GET 200 https://registry.npmjs.org/schema-utils 104ms (cache miss)
257 silly packumentCache full:https://registry.npmjs.org/schema-utils set size:undefined disposed:false
258 http fetch GET 200 https://registry.npmjs.org/@sentry%2fbundler-plugins 106ms (cache miss)
259 silly packumentCache full:https://registry.npmjs.org/@sentry%2fbundler-plugins set size:undefined disposed:false
260 http fetch GET 200 https://registry.npmjs.org/@opentelemetry%2fsemantic-conventions 112ms (cache miss)
261 silly packumentCache full:https://registry.npmjs.org/@opentelemetry%2fsemantic-conventions set size:undefined disposed:false
262 http fetch GET 200 https://registry.npmjs.org/@rollup%2fpluginutils 118ms (cache miss)
263 silly packumentCache full:https://registry.npmjs.org/@rollup%2fpluginutils set size:undefined disposed:false
264 http fetch GET 200 https://registry.npmjs.org/@opentelemetry%2fsemantic-conventions 117ms (cache miss)
265 silly packumentCache full:https://registry.npmjs.org/@opentelemetry%2fsemantic-conventions set size:undefined disposed:false
266 http fetch GET 200 https://registry.npmjs.org/es-module-lexer 118ms (cache miss)
267 silly packumentCache full:https://registry.npmjs.org/es-module-lexer set size:undefined disposed:false
268 http fetch GET 200 https://registry.npmjs.org/webpack-sources 123ms (cache miss)
269 silly packumentCache full:https://registry.npmjs.org/webpack-sources set size:undefined disposed:false
270 http fetch GET 200 https://registry.npmjs.org/@opentelemetry%2fsdk-trace 126ms (cache miss)
271 silly packumentCache full:https://registry.npmjs.org/@opentelemetry%2fsdk-trace set size:undefined disposed:false
272 http fetch GET 200 https://registry.npmjs.org/chrome-trace-event 124ms (cache miss)
273 silly packumentCache full:https://registry.npmjs.org/chrome-trace-event set size:undefined disposed:false
274 http fetch GET 200 https://registry.npmjs.org/minimizer-webpack-plugin 117ms (cache miss)
275 silly packumentCache full:https://registry.npmjs.org/minimizer-webpack-plugin set size:undefined disposed:false
276 http fetch GET 200 https://registry.npmjs.org/@webassemblyjs%2fwasm-edit 146ms (cache miss)
277 silly packumentCache full:https://registry.npmjs.org/@webassemblyjs%2fwasm-edit set size:undefined disposed:false
278 http fetch GET 200 https://registry.npmjs.org/type-fest 105ms (cache miss)
279 silly packumentCache full:https://registry.npmjs.org/type-fest set size:undefined disposed:false
280 http fetch GET 200 https://registry.npmjs.org/enhanced-resolve 157ms (cache miss)
281 silly packumentCache full:https://registry.npmjs.org/enhanced-resolve set size:undefined disposed:false
282 http fetch GET 200 https://registry.npmjs.org/@webassemblyjs%2fast 158ms (cache miss)
283 silly packumentCache full:https://registry.npmjs.org/@webassemblyjs%2fast set size:undefined disposed:false
284 http fetch GET 200 https://registry.npmjs.org/@webassemblyjs%2fwasm-parser 120ms (cache miss)
285 silly packumentCache full:https://registry.npmjs.org/@webassemblyjs%2fwasm-parser set size:undefined disposed:false
286 http fetch GET 200 https://registry.npmjs.org/@sentry%2fcli 176ms (cache miss)
287 silly packumentCache full:https://registry.npmjs.org/@sentry%2fcli set size:undefined disposed:false
288 http fetch GET 200 https://registry.npmjs.org/@sentry%2fbrowser 289ms (cache miss)
289 silly packumentCache full:https://registry.npmjs.org/@sentry%2fbrowser set size:undefined disposed:false
290 silly placeDep ROOT @opentelemetry/semantic-conventions@1.43.0 OK for: @opentelemetry/core@2.10.0 want: ^1.29.0
291 silly fetch manifest @opentelemetry/api@>=1.3.0 <1.10.0
292 silly packumentCache full:https://registry.npmjs.org/@opentelemetry%2fapi cache-hit
293 silly placeDep ROOT @opentelemetry/resources@2.10.0 OK for: @opentelemetry/sdk-trace-base@2.10.0 want: 2.10.0
294 silly placeDep ROOT @opentelemetry/sdk-trace@2.10.0 OK for: @opentelemetry/sdk-trace-base@2.10.0 want: 2.10.0
295 silly fetch manifest rollup@^2.68.0||^3.0.0||^4.0.0
296 silly packumentCache full:https://registry.npmjs.org/rollup cache-miss
297 http cache https://registry.npmjs.org/rollup 8ms (cache hit)
298 silly packumentCache full:https://registry.npmjs.org/rollup set size:6315915 disposed:false
299 silly placeDep ROOT @rollup/pluginutils@5.4.0 OK for: @rollup/plugin-commonjs@28.0.1 want: ^5.0.1
300 silly placeDep ROOT commondir@1.0.1 OK for: @rollup/plugin-commonjs@28.0.1 want: ^1.0.1
301 silly placeDep node_modules/@rollup/plugin-commonjs estree-walker@2.0.2 OK for: @rollup/plugin-commonjs@28.0.1 want: ^2.0.2
302 silly placeDep node_modules/@rollup/plugin-commonjs fdir@6.5.0 OK for: @rollup/plugin-commonjs@28.0.1 want: ^6.2.0
303 silly placeDep node_modules/@rollup/plugin-commonjs picomatch@4.0.7 OK for: fdir@6.5.0 want: ^3 || ^4
304 silly placeDep ROOT is-reference@1.2.1 OK for: @rollup/plugin-commonjs@28.0.1 want: 1.2.1
305 silly placeDep node_modules/@rollup/pluginutils estree-walker@2.0.2 OK for: @rollup/pluginutils@5.4.0 want: ^2.0.2
306 silly placeDep node_modules/@rollup/pluginutils picomatch@4.0.7 OK for: @rollup/pluginutils@5.4.0 want: ^4.0.2
307 silly placeDep ROOT @sentry/babel-plugin-component-annotate@5.3.0 OK for: @sentry/bundler-plugin-core@5.3.0 want: 5.3.0
308 silly placeDep ROOT @sentry/cli@2.58.6 OK for: @sentry/bundler-plugin-core@5.3.0 want: ^2.58.5
309 silly placeDep ROOT dotenv@16.6.1 OK for: @sentry/bundler-plugin-core@5.3.0 want: ^16.3.1
310 silly placeDep ROOT glob@13.0.6 OK for: @sentry/bundler-plugin-core@5.3.0 want: ^13.0.6
311 silly fetch manifest progress@^2.0.3
312 silly packumentCache full:https://registry.npmjs.org/progress cache-miss
313 silly fetch manifest node-fetch@^2.6.7
314 silly packumentCache full:https://registry.npmjs.org/node-fetch cache-miss
315 silly fetch manifest proxy-from-env@^1.1.0
316 silly packumentCache full:https://registry.npmjs.org/proxy-from-env cache-miss
317 silly fetch manifest https-proxy-agent@^5.0.0
318 silly packumentCache full:https://registry.npmjs.org/https-proxy-agent cache-miss
319 silly fetch manifest @sentry/cli-darwin@2.58.6
320 silly packumentCache full:https://registry.npmjs.org/@sentry%2fcli-darwin cache-miss
321 silly fetch manifest @sentry/cli-linux-arm@2.58.6
322 silly packumentCache full:https://registry.npmjs.org/@sentry%2fcli-linux-arm cache-miss
323 silly fetch manifest @sentry/cli-linux-x64@2.58.6
324 silly packumentCache full:https://registry.npmjs.org/@sentry%2fcli-linux-x64 cache-miss
325 silly fetch manifest @sentry/cli-win32-x64@2.58.6
326 silly packumentCache full:https://registry.npmjs.org/@sentry%2fcli-win32-x64 cache-miss
327 silly fetch manifest @sentry/cli-linux-i686@2.58.6
328 silly packumentCache full:https://registry.npmjs.org/@sentry%2fcli-linux-i686 cache-miss
329 silly fetch manifest @sentry/cli-win32-i686@2.58.6
330 silly packumentCache full:https://registry.npmjs.org/@sentry%2fcli-win32-i686 cache-miss
331 silly fetch manifest @sentry/cli-linux-arm64@2.58.6
332 silly packumentCache full:https://registry.npmjs.org/@sentry%2fcli-linux-arm64 cache-miss
333 silly fetch manifest @sentry/cli-win32-arm64@2.58.6
334 silly packumentCache full:https://registry.npmjs.org/@sentry%2fcli-win32-arm64 cache-miss
335 silly fetch manifest minimatch@^10.2.2
336 silly packumentCache full:https://registry.npmjs.org/minimatch cache-miss
337 silly fetch manifest minipass@^7.1.3
338 silly packumentCache full:https://registry.npmjs.org/minipass cache-miss
339 silly fetch manifest path-scurry@^2.0.2
340 silly packumentCache full:https://registry.npmjs.org/path-scurry cache-miss
341 http fetch GET 200 https://registry.npmjs.org/progress 37ms (cache miss)
342 silly packumentCache full:https://registry.npmjs.org/progress set size:undefined disposed:false
343 http fetch GET 200 https://registry.npmjs.org/https-proxy-agent 44ms (cache miss)
344 silly packumentCache full:https://registry.npmjs.org/https-proxy-agent set size:undefined disposed:false
345 http fetch GET 200 https://registry.npmjs.org/proxy-from-env 49ms (cache miss)
346 silly packumentCache full:https://registry.npmjs.org/proxy-from-env set size:undefined disposed:false
347 http fetch GET 200 https://registry.npmjs.org/path-scurry 58ms (cache miss)
348 silly packumentCache full:https://registry.npmjs.org/path-scurry set size:undefined disposed:false
349 http fetch GET 200 https://registry.npmjs.org/minimatch 65ms (cache miss)
350 silly packumentCache full:https://registry.npmjs.org/minimatch set size:undefined disposed:false
351 http fetch GET 200 https://registry.npmjs.org/@sentry%2fcli-win32-i686 67ms (cache miss)
352 silly packumentCache full:https://registry.npmjs.org/@sentry%2fcli-win32-i686 set size:undefined disposed:false
353 http fetch GET 200 https://registry.npmjs.org/@sentry%2fcli-linux-arm64 68ms (cache miss)
354 silly packumentCache full:https://registry.npmjs.org/@sentry%2fcli-linux-arm64 set size:undefined disposed:false
355 http fetch GET 200 https://registry.npmjs.org/@sentry%2fcli-linux-i686 69ms (cache miss)
356 silly packumentCache full:https://registry.npmjs.org/@sentry%2fcli-linux-i686 set size:undefined disposed:false
357 http fetch GET 200 https://registry.npmjs.org/@sentry%2fcli-darwin 71ms (cache miss)
358 silly packumentCache full:https://registry.npmjs.org/@sentry%2fcli-darwin set size:undefined disposed:false
359 http fetch GET 200 https://registry.npmjs.org/minipass 72ms (cache miss)
360 silly packumentCache full:https://registry.npmjs.org/minipass set size:undefined disposed:false
361 http fetch GET 200 https://registry.npmjs.org/node-fetch 116ms (cache miss)
362 silly packumentCache full:https://registry.npmjs.org/node-fetch set size:undefined disposed:false
363 http fetch GET 200 https://registry.npmjs.org/@sentry%2fcli-linux-arm 151ms (cache miss)
364 silly packumentCache full:https://registry.npmjs.org/@sentry%2fcli-linux-arm set size:undefined disposed:false
365 http fetch GET 200 https://registry.npmjs.org/@sentry%2fcli-win32-x64 154ms (cache miss)
366 silly packumentCache full:https://registry.npmjs.org/@sentry%2fcli-win32-x64 set size:undefined disposed:false
367 http fetch GET 200 https://registry.npmjs.org/@sentry%2fcli-win32-arm64 163ms (cache miss)
368 silly packumentCache full:https://registry.npmjs.org/@sentry%2fcli-win32-arm64 set size:undefined disposed:false
369 http fetch GET 200 https://registry.npmjs.org/@sentry%2fcli-linux-x64 212ms (cache miss)
370 silly packumentCache full:https://registry.npmjs.org/@sentry%2fcli-linux-x64 set size:undefined disposed:false
371 silly fetch manifest encoding@^0.1.0
372 silly packumentCache full:https://registry.npmjs.org/encoding cache-miss
373 http fetch GET 200 https://registry.npmjs.org/encoding 42ms (cache miss)
374 silly packumentCache full:https://registry.npmjs.org/encoding set size:undefined disposed:false
375 silly placeDep ROOT @sentry/cli-darwin@2.58.6 OK for: @sentry/cli@2.58.6 want: 2.58.6
376 silly placeDep ROOT @sentry/cli-linux-arm@2.58.6 OK for: @sentry/cli@2.58.6 want: 2.58.6
377 silly placeDep ROOT @sentry/cli-linux-arm64@2.58.6 OK for: @sentry/cli@2.58.6 want: 2.58.6
378 silly placeDep ROOT @sentry/cli-linux-i686@2.58.6 OK for: @sentry/cli@2.58.6 want: 2.58.6
379 silly placeDep ROOT @sentry/cli-linux-x64@2.58.6 OK for: @sentry/cli@2.58.6 want: 2.58.6
380 silly placeDep ROOT @sentry/cli-win32-arm64@2.58.6 OK for: @sentry/cli@2.58.6 want: 2.58.6
381 silly placeDep ROOT @sentry/cli-win32-i686@2.58.6 OK for: @sentry/cli@2.58.6 want: 2.58.6
382 silly placeDep ROOT @sentry/cli-win32-x64@2.58.6 OK for: @sentry/cli@2.58.6 want: 2.58.6
383 silly placeDep ROOT https-proxy-agent@5.0.1 OK for: @sentry/cli@2.58.6 want: ^5.0.0
384 silly placeDep ROOT node-fetch@2.7.0 OK for: @sentry/cli@2.58.6 want: ^2.6.7
385 silly placeDep ROOT progress@2.0.3 OK for: @sentry/cli@2.58.6 want: ^2.0.3
386 silly placeDep ROOT proxy-from-env@1.1.0 OK for: @sentry/cli@2.58.6 want: ^1.1.0
387 silly fetch manifest agent-base@6
388 silly packumentCache full:https://registry.npmjs.org/agent-base cache-miss
389 silly fetch manifest whatwg-url@^5.0.0
390 silly packumentCache full:https://registry.npmjs.org/whatwg-url cache-miss
391 http fetch GET 200 https://registry.npmjs.org/whatwg-url 38ms (cache miss)
392 silly packumentCache full:https://registry.npmjs.org/whatwg-url set size:undefined disposed:false
393 http fetch GET 200 https://registry.npmjs.org/agent-base 40ms (cache miss)
394 silly packumentCache full:https://registry.npmjs.org/agent-base set size:undefined disposed:false
395 silly fetch manifest @opentelemetry/exporter-trace-otlp-http@>=0.57.0 <1
396 silly packumentCache full:https://registry.npmjs.org/@opentelemetry%2fexporter-trace-otlp-http cache-miss
397 http fetch GET 200 https://registry.npmjs.org/@opentelemetry%2fexporter-trace-otlp-http 83ms (cache miss)
398 silly packumentCache full:https://registry.npmjs.org/@opentelemetry%2fexporter-trace-otlp-http set size:undefined disposed:false
399 silly placeDep ROOT @opentelemetry/instrumentation@0.220.0 OK for: @sentry/node@10.72.0 want: ^0.220.0
400 silly placeDep ROOT @sentry/node-core@10.72.0 OK for: @sentry/node@10.72.0 want: 10.72.0
401 silly placeDep ROOT import-in-the-middle@3.4.0 OK for: @sentry/node@10.72.0 want: ^3.0.0
402 silly fetch manifest require-in-the-middle@^8.0.0
403 silly packumentCache full:https://registry.npmjs.org/require-in-the-middle cache-miss
404 silly fetch manifest @opentelemetry/api-logs@0.220.0
405 silly packumentCache full:https://registry.npmjs.org/@opentelemetry%2fapi-logs cache-miss
406 silly fetch manifest es-module-lexer@^2.2.0
407 silly packumentCache full:https://registry.npmjs.org/es-module-lexer cache-miss
408 silly fetch manifest cjs-module-lexer@^2.2.0
409 silly packumentCache full:https://registry.npmjs.org/cjs-module-lexer cache-miss
410 silly fetch manifest module-details-from-path@^1.0.4
411 silly packumentCache full:https://registry.npmjs.org/module-details-from-path cache-miss
412 http cache https://registry.npmjs.org/es-module-lexer 4ms (cache hit)
413 silly packumentCache full:https://registry.npmjs.org/es-module-lexer set size:214894 disposed:false
414 http fetch GET 200 https://registry.npmjs.org/require-in-the-middle 38ms (cache miss)
415 silly packumentCache full:https://registry.npmjs.org/require-in-the-middle set size:undefined disposed:false
416 http fetch GET 200 https://registry.npmjs.org/module-details-from-path 56ms (cache miss)
417 silly packumentCache full:https://registry.npmjs.org/module-details-from-path set size:undefined disposed:false
418 http fetch GET 200 https://registry.npmjs.org/@opentelemetry%2fapi-logs 66ms (cache miss)
419 silly packumentCache full:https://registry.npmjs.org/@opentelemetry%2fapi-logs set size:undefined disposed:false
420 http fetch GET 200 https://registry.npmjs.org/cjs-module-lexer 67ms (cache miss)
421 silly packumentCache full:https://registry.npmjs.org/cjs-module-lexer set size:undefined disposed:false
422 silly placeDep ROOT @opentelemetry/api-logs@0.220.0 OK for: @opentelemetry/instrumentation@0.220.0 want: 0.220.0
423 silly placeDep ROOT require-in-the-middle@8.0.1 OK for: @opentelemetry/instrumentation@0.220.0 want: ^8.0.0
424 silly fetch manifest module-details-from-path@^1.0.3
425 silly packumentCache full:https://registry.npmjs.org/module-details-from-path cache-miss
426 http cache https://registry.npmjs.org/module-details-from-path 3ms (cache hit)
427 silly packumentCache full:https://registry.npmjs.org/module-details-from-path set size:10793 disposed:false
428 silly placeDep ROOT @sentry/browser@10.72.0 OK for: @sentry/react@10.72.0 want: 10.72.0
429 silly fetch manifest @sentry/replay@10.72.0
430 silly packumentCache full:https://registry.npmjs.org/@sentry%2freplay cache-miss
431 silly fetch manifest @sentry/feedback@10.72.0
432 silly packumentCache full:https://registry.npmjs.org/@sentry%2ffeedback cache-miss
433 silly fetch manifest @sentry/replay-canvas@10.72.0
434 silly packumentCache full:https://registry.npmjs.org/@sentry%2freplay-canvas cache-miss
435 http fetch GET 200 https://registry.npmjs.org/@sentry%2ffeedback 85ms (cache miss)
436 silly packumentCache full:https://registry.npmjs.org/@sentry%2ffeedback set size:undefined disposed:false
437 http fetch GET 200 https://registry.npmjs.org/@sentry%2freplay-canvas 149ms (cache miss)
438 silly packumentCache full:https://registry.npmjs.org/@sentry%2freplay-canvas set size:undefined disposed:false
439 http fetch GET 200 https://registry.npmjs.org/@sentry%2freplay 154ms (cache miss)
440 silly packumentCache full:https://registry.npmjs.org/@sentry%2freplay set size:undefined disposed:false
441 silly placeDep ROOT @sentry/feedback@10.72.0 OK for: @sentry/browser@10.72.0 want: 10.72.0
442 silly placeDep ROOT @sentry/replay@10.72.0 OK for: @sentry/browser@10.72.0 want: 10.72.0
443 silly placeDep ROOT @sentry/replay-canvas@10.72.0 OK for: @sentry/browser@10.72.0 want: 10.72.0
444 silly fetch manifest rollup@>=3.2.0
445 silly packumentCache full:https://registry.npmjs.org/rollup cache-miss
446 http cache https://registry.npmjs.org/rollup 9ms (cache hit)
447 silly packumentCache full:https://registry.npmjs.org/rollup set size:6315915 disposed:false
448 silly placeDep ROOT @sentry/bundler-plugins@10.72.0 OK for: @sentry/webpack-plugin@5.4.0 want: ^10.64.0
449 silly fetch manifest dotenv@^17.4.2
450 silly packumentCache full:https://registry.npmjs.org/dotenv cache-miss
451 http cache https://registry.npmjs.org/dotenv 5ms (cache hit)
452 silly packumentCache full:https://registry.npmjs.org/dotenv set size:277821 disposed:false
453 silly placeDep node_modules/@sentry/bundler-plugins dotenv@17.4.2 OK for: @sentry/bundler-plugins@10.72.0 want: ^17.4.2
454 silly placeDep node_modules/glob minimatch@10.2.6 OK for: glob@13.0.6 want: ^10.2.2
455 silly placeDep ROOT minipass@7.1.3 OK for: glob@13.0.6 want: ^7.1.3
456 silly placeDep ROOT path-scurry@2.0.2 OK for: glob@13.0.6 want: ^2.0.2
457 silly fetch manifest brace-expansion@^5.0.8
458 silly packumentCache full:https://registry.npmjs.org/brace-expansion cache-miss
459 silly fetch manifest lru-cache@^11.0.0
460 silly packumentCache full:https://registry.npmjs.org/lru-cache cache-miss
461 http fetch GET 200 https://registry.npmjs.org/brace-expansion 50ms (cache miss)
462 silly packumentCache full:https://registry.npmjs.org/brace-expansion set size:undefined disposed:false
463 http fetch GET 200 https://registry.npmjs.org/lru-cache 70ms (cache miss)
464 silly packumentCache full:https://registry.npmjs.org/lru-cache set size:undefined disposed:false
465 silly placeDep ROOT agent-base@6.0.2 OK for: https-proxy-agent@5.0.1 want: 6
466 silly placeDep ROOT cjs-module-lexer@2.2.1 OK for: import-in-the-middle@3.4.0 want: ^2.2.0
467 silly placeDep node_modules/import-in-the-middle es-module-lexer@2.3.2 OK for: import-in-the-middle@3.4.0 want: ^2.2.0
468 silly placeDep ROOT module-details-from-path@1.0.4 OK for: import-in-the-middle@3.4.0 want: ^1.0.4
469 silly placeDep ROOT whatwg-url@5.0.0 OK for: node-fetch@2.7.0 want: ^5.0.0
470 silly fetch manifest tr46@~0.0.3
471 silly packumentCache full:https://registry.npmjs.org/tr46 cache-miss
472 silly fetch manifest webidl-conversions@^3.0.0
473 silly packumentCache full:https://registry.npmjs.org/webidl-conversions cache-miss
474 http fetch GET 200 https://registry.npmjs.org/tr46 53ms (cache miss)
475 silly packumentCache full:https://registry.npmjs.org/tr46 set size:undefined disposed:false
476 http fetch GET 200 https://registry.npmjs.org/webidl-conversions 57ms (cache miss)
477 silly packumentCache full:https://registry.npmjs.org/webidl-conversions set size:undefined disposed:false
478 silly placeDep node_modules/path-scurry lru-cache@11.5.2 OK for: path-scurry@2.0.2 want: ^11.0.0
479 silly placeDep ROOT postal-mime@2.7.5 OK for: resend@6.25.0 want: 2.7.5
480 silly placeDep ROOT standardwebhooks@1.0.0 OK for: resend@6.25.0 want: 1.0.0
481 silly fetch manifest fast-sha256@^1.3.0
482 silly packumentCache full:https://registry.npmjs.org/fast-sha256 cache-miss
483 silly fetch manifest @stablelib/base64@^1.0.0
484 silly packumentCache full:https://registry.npmjs.org/@stablelib%2fbase64 cache-miss
485 http fetch GET 200 https://registry.npmjs.org/fast-sha256 30ms (cache miss)
486 silly packumentCache full:https://registry.npmjs.org/fast-sha256 set size:undefined disposed:false
487 http fetch GET 200 https://registry.npmjs.org/@stablelib%2fbase64 45ms (cache miss)
488 silly packumentCache full:https://registry.npmjs.org/@stablelib%2fbase64 set size:undefined disposed:false
489 silly placeDep ROOT type-fest@0.7.1 OK for: stacktrace-parser@0.1.11 want: ^0.7.1
490 silly placeDep ROOT @stablelib/base64@1.0.1 OK for: standardwebhooks@1.0.0 want: ^1.0.0
491 silly placeDep ROOT fast-sha256@1.3.0 OK for: standardwebhooks@1.0.0 want: ^1.3.0
492 silly fetch manifest webpack@^5.1.0
493 silly packumentCache full:https://registry.npmjs.org/webpack cache-miss
494 http cache https://registry.npmjs.org/webpack 7ms (cache hit)
495 silly packumentCache full:https://registry.npmjs.org/webpack set size:5162889 disposed:false
496 silly placeDep ROOT @webassemblyjs/ast@1.14.1 OK for: webpack@5.110.2 want: ^1.14.1
497 silly placeDep ROOT @webassemblyjs/wasm-edit@1.14.1 OK for: webpack@5.110.2 want: ^1.14.1
498 silly placeDep ROOT @webassemblyjs/wasm-parser@1.14.1 OK for: webpack@5.110.2 want: ^1.14.1
499 silly placeDep ROOT chrome-trace-event@1.0.4 OK for: webpack@5.110.2 want: ^1.0.2
500 silly placeDep ROOT enhanced-resolve@5.24.5 REPLACE for: webpack@5.110.2 want: ^5.24.4
501 silly placeDep node_modules/webpack es-module-lexer@2.3.2 OK for: webpack@5.110.2 want: ^2.1.0
502 silly placeDep ROOT events@3.3.0 OK for: webpack@5.110.2 want: ^3.2.0
503 silly placeDep ROOT mime-db@1.54.0 OK for: webpack@5.110.2 want: ^1.54.0
504 silly placeDep ROOT minimizer-webpack-plugin@5.8.0 OK for: webpack@5.110.2 want: ^5.7.0
505 silly placeDep ROOT neo-async@2.6.2 OK for: webpack@5.110.2 want: ^2.6.2
506 silly placeDep ROOT schema-utils@4.3.3 OK for: webpack@5.110.2 want: ^4.3.3
507 silly placeDep ROOT watchpack@2.5.2 OK for: webpack@5.110.2 want: ^2.5.2
508 silly placeDep ROOT webpack-sources@3.5.1 OK for: webpack@5.110.2 want: ^3.5.1
509 silly fetch manifest @webassemblyjs/helper-numbers@1.13.2
510 silly packumentCache full:https://registry.npmjs.org/@webassemblyjs%2fhelper-numbers cache-miss
511 silly fetch manifest @webassemblyjs/helper-wasm-bytecode@1.13.2
512 silly packumentCache full:https://registry.npmjs.org/@webassemblyjs%2fhelper-wasm-bytecode cache-miss
513 silly fetch manifest @webassemblyjs/helper-buffer@1.14.1
514 silly packumentCache full:https://registry.npmjs.org/@webassemblyjs%2fhelper-buffer cache-miss
515 silly fetch manifest @webassemblyjs/helper-wasm-bytecode@1.13.2
516 silly packumentCache full:https://registry.npmjs.org/@webassemblyjs%2fhelper-wasm-bytecode cache-miss
517 silly fetch manifest @webassemblyjs/helper-wasm-section@1.14.1
518 silly packumentCache full:https://registry.npmjs.org/@webassemblyjs%2fhelper-wasm-section cache-miss
519 silly fetch manifest @webassemblyjs/wasm-gen@1.14.1
520 silly packumentCache full:https://registry.npmjs.org/@webassemblyjs%2fwasm-gen cache-miss
521 silly fetch manifest @webassemblyjs/wasm-opt@1.14.1
522 silly packumentCache full:https://registry.npmjs.org/@webassemblyjs%2fwasm-opt cache-miss
523 silly fetch manifest @webassemblyjs/wasm-parser@1.14.1
524 silly packumentCache full:https://registry.npmjs.org/@webassemblyjs%2fwasm-parser cache-miss
525 silly fetch manifest @webassemblyjs/wast-printer@1.14.1
526 silly packumentCache full:https://registry.npmjs.org/@webassemblyjs%2fwast-printer cache-miss
527 silly fetch manifest @webassemblyjs/helper-api-error@1.13.2
528 silly packumentCache full:https://registry.npmjs.org/@webassemblyjs%2fhelper-api-error cache-miss
529 silly fetch manifest @webassemblyjs/helper-wasm-bytecode@1.13.2
530 silly packumentCache full:https://registry.npmjs.org/@webassemblyjs%2fhelper-wasm-bytecode cache-miss
531 silly fetch manifest @webassemblyjs/ieee754@1.13.2
532 silly packumentCache full:https://registry.npmjs.org/@webassemblyjs%2fieee754 cache-miss
533 silly fetch manifest @webassemblyjs/leb128@1.13.2
534 silly packumentCache full:https://registry.npmjs.org/@webassemblyjs%2fleb128 cache-miss
535 silly fetch manifest @webassemblyjs/utf8@1.13.2
536 silly packumentCache full:https://registry.npmjs.org/@webassemblyjs%2futf8 cache-miss
537 silly fetch manifest terser@^5.51.0
538 silly packumentCache full:https://registry.npmjs.org/terser cache-miss
539 silly fetch manifest jest-worker@^27.4.5
540 silly packumentCache full:https://registry.npmjs.org/jest-worker cache-miss
541 silly fetch manifest ajv@^8.9.0
542 silly packumentCache full:https://registry.npmjs.org/ajv cache-miss
543 silly fetch manifest ajv-formats@^2.1.1
544 silly packumentCache full:https://registry.npmjs.org/ajv-formats cache-miss
545 silly fetch manifest ajv-keywords@^5.1.0
546 silly packumentCache full:https://registry.npmjs.org/ajv-keywords cache-miss
547 http cache https://registry.npmjs.org/@webassemblyjs%2fwasm-parser 8ms (cache hit)
548 silly packumentCache full:https://registry.npmjs.org/@webassemblyjs%2fwasm-parser set size:214115 disposed:false
549 http fetch GET 200 https://registry.npmjs.org/@webassemblyjs%2fhelper-numbers 46ms (cache miss)
550 silly packumentCache full:https://registry.npmjs.org/@webassemblyjs%2fhelper-numbers set size:undefined disposed:false
551 http fetch GET 200 https://registry.npmjs.org/@webassemblyjs%2fhelper-wasm-bytecode 50ms (cache miss)
552 silly packumentCache full:https://registry.npmjs.org/@webassemblyjs%2fhelper-wasm-bytecode set size:undefined disposed:false
553 http fetch GET 200 https://registry.npmjs.org/@webassemblyjs%2fwasm-gen 60ms (cache miss)
554 silly packumentCache full:https://registry.npmjs.org/@webassemblyjs%2fwasm-gen set size:undefined disposed:false
555 http fetch GET 200 https://registry.npmjs.org/jest-worker 63ms (cache miss)
556 silly packumentCache full:https://registry.npmjs.org/jest-worker set size:undefined disposed:false
557 http fetch GET 200 https://registry.npmjs.org/@webassemblyjs%2fhelper-buffer 66ms (cache miss)
558 silly packumentCache full:https://registry.npmjs.org/@webassemblyjs%2fhelper-buffer set size:undefined disposed:false
559 http fetch GET 200 https://registry.npmjs.org/@webassemblyjs%2fhelper-wasm-bytecode 73ms (cache miss)
560 silly packumentCache full:https://registry.npmjs.org/@webassemblyjs%2fhelper-wasm-bytecode set size:undefined disposed:false
561 http fetch GET 200 https://registry.npmjs.org/@webassemblyjs%2fhelper-wasm-section 76ms (cache miss)
562 silly packumentCache full:https://registry.npmjs.org/@webassemblyjs%2fhelper-wasm-section set size:undefined disposed:false
563 http fetch GET 200 https://registry.npmjs.org/@webassemblyjs%2fwast-printer 78ms (cache miss)
564 silly packumentCache full:https://registry.npmjs.org/@webassemblyjs%2fwast-printer set size:undefined disposed:false
565 http fetch GET 200 https://registry.npmjs.org/@webassemblyjs%2fwasm-opt 83ms (cache miss)
566 silly packumentCache full:https://registry.npmjs.org/@webassemblyjs%2fwasm-opt set size:undefined disposed:false
567 http fetch GET 200 https://registry.npmjs.org/@webassemblyjs%2fhelper-wasm-bytecode 85ms (cache miss)
568 silly packumentCache full:https://registry.npmjs.org/@webassemblyjs%2fhelper-wasm-bytecode set size:undefined disposed:false
569 http fetch GET 200 https://registry.npmjs.org/@webassemblyjs%2fleb128 86ms (cache miss)
570 silly packumentCache full:https://registry.npmjs.org/@webassemblyjs%2fleb128 set size:undefined disposed:false
571 http fetch GET 200 https://registry.npmjs.org/@webassemblyjs%2fhelper-api-error 88ms (cache miss)
572 silly packumentCache full:https://registry.npmjs.org/@webassemblyjs%2fhelper-api-error set size:undefined disposed:false
573 http fetch GET 200 https://registry.npmjs.org/@webassemblyjs%2futf8 91ms (cache miss)
574 silly packumentCache full:https://registry.npmjs.org/@webassemblyjs%2futf8 set size:undefined disposed:false
575 http fetch GET 200 https://registry.npmjs.org/ajv-formats 93ms (cache miss)
576 silly packumentCache full:https://registry.npmjs.org/ajv-formats set size:undefined disposed:false
577 http fetch GET 200 https://registry.npmjs.org/terser 95ms (cache miss)
578 silly packumentCache full:https://registry.npmjs.org/terser set size:undefined disposed:false
579 http fetch GET 200 https://registry.npmjs.org/ajv-keywords 102ms (cache miss)
580 silly packumentCache full:https://registry.npmjs.org/ajv-keywords set size:undefined disposed:false
581 http fetch GET 200 https://registry.npmjs.org/ajv 120ms (cache miss)
582 silly packumentCache full:https://registry.npmjs.org/ajv set size:undefined disposed:false
583 http fetch GET 200 https://registry.npmjs.org/@webassemblyjs%2fieee754 125ms (cache miss)
584 silly packumentCache full:https://registry.npmjs.org/@webassemblyjs%2fieee754 set size:undefined disposed:false
585 silly placeDep ROOT @webassemblyjs/helper-numbers@1.13.2 OK for: @webassemblyjs/ast@1.14.1 want: 1.13.2
586 silly placeDep ROOT @webassemblyjs/helper-wasm-bytecode@1.13.2 OK for: @webassemblyjs/ast@1.14.1 want: 1.13.2
587 silly fetch manifest @xtuc/long@4.2.2
588 silly packumentCache full:https://registry.npmjs.org/@xtuc%2flong cache-miss
589 silly fetch manifest @webassemblyjs/floating-point-hex-parser@1.13.2
590 silly packumentCache full:https://registry.npmjs.org/@webassemblyjs%2ffloating-point-hex-parser cache-miss
591 http fetch GET 200 https://registry.npmjs.org/@webassemblyjs%2ffloating-point-hex-parser 46ms (cache miss)
592 silly packumentCache full:https://registry.npmjs.org/@webassemblyjs%2ffloating-point-hex-parser set size:undefined disposed:false
593 http fetch GET 200 https://registry.npmjs.org/@xtuc%2flong 47ms (cache miss)
594 silly packumentCache full:https://registry.npmjs.org/@xtuc%2flong set size:undefined disposed:false
595 silly placeDep ROOT @webassemblyjs/floating-point-hex-parser@1.13.2 OK for: @webassemblyjs/helper-numbers@1.13.2 want: 1.13.2
596 silly placeDep ROOT @webassemblyjs/helper-api-error@1.13.2 OK for: @webassemblyjs/helper-numbers@1.13.2 want: 1.13.2
597 silly placeDep ROOT @xtuc/long@4.2.2 OK for: @webassemblyjs/helper-numbers@1.13.2 want: 4.2.2
598 silly placeDep ROOT @webassemblyjs/helper-buffer@1.14.1 OK for: @webassemblyjs/wasm-edit@1.14.1 want: 1.14.1
599 silly placeDep ROOT @webassemblyjs/helper-wasm-section@1.14.1 OK for: @webassemblyjs/wasm-edit@1.14.1 want: 1.14.1
600 silly placeDep ROOT @webassemblyjs/wasm-gen@1.14.1 OK for: @webassemblyjs/wasm-edit@1.14.1 want: 1.14.1
601 silly placeDep ROOT @webassemblyjs/wasm-opt@1.14.1 OK for: @webassemblyjs/wasm-edit@1.14.1 want: 1.14.1
602 silly placeDep ROOT @webassemblyjs/wast-printer@1.14.1 OK for: @webassemblyjs/wasm-edit@1.14.1 want: 1.14.1
603 silly placeDep ROOT @webassemblyjs/ieee754@1.13.2 OK for: @webassemblyjs/wasm-gen@1.14.1 want: 1.13.2
604 silly placeDep ROOT @webassemblyjs/leb128@1.13.2 OK for: @webassemblyjs/wasm-gen@1.14.1 want: 1.13.2
605 silly placeDep ROOT @webassemblyjs/utf8@1.13.2 OK for: @webassemblyjs/wasm-gen@1.14.1 want: 1.13.2
606 silly fetch manifest @xtuc/ieee754@^1.2.0
607 silly packumentCache full:https://registry.npmjs.org/@xtuc%2fieee754 cache-miss
608 http fetch GET 200 https://registry.npmjs.org/@xtuc%2fieee754 59ms (cache miss)
609 silly packumentCache full:https://registry.npmjs.org/@xtuc%2fieee754 set size:undefined disposed:false
610 silly placeDep ROOT @xtuc/ieee754@1.2.0 OK for: @webassemblyjs/ieee754@1.13.2 want: ^1.2.0
611 silly placeDep ROOT jest-worker@27.5.1 OK for: minimizer-webpack-plugin@5.8.0 want: ^27.4.5
612 silly placeDep ROOT terser@5.51.2 OK for: minimizer-webpack-plugin@5.8.0 want: ^5.51.0
613 silly fetch manifest merge-stream@^2.0.0
614 silly packumentCache full:https://registry.npmjs.org/merge-stream cache-miss
615 silly fetch manifest supports-color@^8.0.0
616 silly packumentCache full:https://registry.npmjs.org/supports-color cache-miss
617 silly fetch manifest commander@^2.20.0
618 silly packumentCache full:https://registry.npmjs.org/commander cache-miss
619 silly fetch manifest source-map-support@~0.5.20
620 silly packumentCache full:https://registry.npmjs.org/source-map-support cache-miss
621 silly fetch manifest @jridgewell/source-map@^0.3.3
622 silly packumentCache full:https://registry.npmjs.org/@jridgewell%2fsource-map cache-miss
623 http fetch GET 200 https://registry.npmjs.org/merge-stream 30ms (cache miss)
624 silly packumentCache full:https://registry.npmjs.org/merge-stream set size:undefined disposed:false
625 http fetch GET 200 https://registry.npmjs.org/source-map-support 46ms (cache miss)
626 silly packumentCache full:https://registry.npmjs.org/source-map-support set size:undefined disposed:false
627 http fetch GET 200 https://registry.npmjs.org/supports-color 48ms (cache miss)
628 silly packumentCache full:https://registry.npmjs.org/supports-color set size:undefined disposed:false
629 http fetch GET 200 https://registry.npmjs.org/commander 57ms (cache miss)
630 silly packumentCache full:https://registry.npmjs.org/commander set size:undefined disposed:false
631 http fetch GET 200 https://registry.npmjs.org/@jridgewell%2fsource-map 71ms (cache miss)
632 silly packumentCache full:https://registry.npmjs.org/@jridgewell%2fsource-map set size:undefined disposed:false
633 silly placeDep ROOT merge-stream@2.0.0 OK for: jest-worker@27.5.1 want: ^2.0.0
634 silly placeDep node_modules/jest-worker supports-color@8.1.1 OK for: jest-worker@27.5.1 want: ^8.0.0
635 silly placeDep node_modules/schema-utils ajv@8.20.0 OK for: schema-utils@4.3.3 want: ^8.9.0
636 silly placeDep ROOT ajv-formats@2.1.1 OK for: schema-utils@4.3.3 want: ^2.1.1
637 silly placeDep node_modules/schema-utils ajv-keywords@5.1.0 OK for: schema-utils@4.3.3 want: ^5.1.0
638 silly fetch manifest fast-uri@^3.0.1
639 silly packumentCache full:https://registry.npmjs.org/fast-uri cache-miss
640 silly fetch manifest json-schema-traverse@^1.0.0
641 silly packumentCache full:https://registry.npmjs.org/json-schema-traverse cache-miss
642 silly fetch manifest require-from-string@^2.0.2
643 silly packumentCache full:https://registry.npmjs.org/require-from-string cache-miss
644 silly fetch manifest ajv@^8.0.0
645 silly packumentCache full:https://registry.npmjs.org/ajv cache-miss
646 http cache https://registry.npmjs.org/ajv 5ms (cache hit)
647 silly packumentCache full:https://registry.npmjs.org/ajv set size:1142658 disposed:false
648 http fetch GET 200 https://registry.npmjs.org/require-from-string 36ms (cache miss)
649 silly packumentCache full:https://registry.npmjs.org/require-from-string set size:undefined disposed:false
650 http fetch GET 200 https://registry.npmjs.org/json-schema-traverse 38ms (cache miss)
651 silly packumentCache full:https://registry.npmjs.org/json-schema-traverse set size:undefined disposed:false
652 http fetch GET 200 https://registry.npmjs.org/fast-uri 53ms (cache miss)
653 silly packumentCache full:https://registry.npmjs.org/fast-uri set size:undefined disposed:false
654 silly placeDep node_modules/ajv-formats ajv@8.20.0 OK for: ajv-formats@2.1.1 want: ^8.0.0
655 silly placeDep ROOT @jridgewell/source-map@0.3.11 OK for: terser@5.51.2 want: ^0.3.3
656 silly placeDep ROOT commander@2.20.3 OK for: terser@5.51.2 want: ^2.20.0
657 silly placeDep ROOT source-map-support@0.5.21 OK for: terser@5.51.2 want: ~0.5.20
658 silly fetch manifest buffer-from@^1.0.0
659 silly packumentCache full:https://registry.npmjs.org/buffer-from cache-miss
660 silly fetch manifest source-map@^0.6.0
661 silly packumentCache full:https://registry.npmjs.org/source-map cache-miss
662 http fetch GET 200 https://registry.npmjs.org/buffer-from 36ms (cache miss)
663 silly packumentCache full:https://registry.npmjs.org/buffer-from set size:undefined disposed:false
664 http fetch GET 200 https://registry.npmjs.org/source-map 42ms (cache miss)
665 silly packumentCache full:https://registry.npmjs.org/source-map set size:undefined disposed:false
666 silly placeDep ROOT buffer-from@1.1.2 OK for: source-map-support@0.5.21 want: ^1.0.0
667 silly placeDep ROOT source-map@0.6.1 OK for: source-map-support@0.5.21 want: ^0.6.0
668 silly placeDep ROOT tr46@0.0.3 OK for: whatwg-url@5.0.0 want: ~0.0.3
669 silly placeDep ROOT webidl-conversions@3.0.1 OK for: whatwg-url@5.0.0 want: ^3.0.0
670 silly placeDep ROOT fast-uri@3.1.6 OK for: ajv@8.20.0 want: ^3.0.1
671 silly placeDep node_modules/ajv-formats json-schema-traverse@1.0.0 OK for: ajv@8.20.0 want: ^1.0.0
672 silly placeDep ROOT require-from-string@2.0.2 OK for: ajv@8.20.0 want: ^2.0.2
673 silly placeDep node_modules/glob brace-expansion@5.0.9 OK for: minimatch@10.2.6 want: ^5.0.8
674 silly fetch manifest balanced-match@^4.0.2
675 silly packumentCache full:https://registry.npmjs.org/balanced-match cache-miss
676 http fetch GET 200 https://registry.npmjs.org/balanced-match 35ms (cache miss)
677 silly packumentCache full:https://registry.npmjs.org/balanced-match set size:undefined disposed:false
678 silly placeDep node_modules/glob balanced-match@4.0.4 OK for: brace-expansion@5.0.9 want: ^4.0.2
679 silly placeDep node_modules/schema-utils json-schema-traverse@1.0.0 OK for: ajv@8.20.0 want: ^1.0.0
680 silly reify mark retired [
680 silly reify   'C:\\Users\\Quintin\\OneDrive\\Documents\\GitHub\\TCG\\node_modules\\enhanced-resolve'
680 silly reify ]
681 silly reify mark retired [
681 silly reify   'C:\\Users\\Quintin\\OneDrive\\Documents\\GitHub\\TCG\\node_modules\\side-channel'
681 silly reify ]
682 silly reify mark retired [
682 silly reify   'C:\\Users\\Quintin\\OneDrive\\Documents\\GitHub\\TCG\\node_modules\\eslint',
682 silly reify   'C:\\Users\\Quintin\\OneDrive\\Documents\\GitHub\\TCG\\node_modules\\.bin\\eslint',
682 silly reify   'C:\\Users\\Quintin\\OneDrive\\Documents\\GitHub\\TCG\\node_modules\\.bin\\eslint.cmd',
682 silly reify   'C:\\Users\\Quintin\\OneDrive\\Documents\\GitHub\\TCG\\node_modules\\.bin\\eslint.ps1'
682 silly reify ]
683 silly reify mark retired [
683 silly reify   'C:\\Users\\Quintin\\OneDrive\\Documents\\GitHub\\TCG\\node_modules\\react-dom'
683 silly reify ]
684 silly reify mark retired [
684 silly reify   'C:\\Users\\Quintin\\OneDrive\\Documents\\GitHub\\TCG\\node_modules\\justtcg-js'
684 silly reify ]
685 silly reify mark retired [
685 silly reify   'C:\\Users\\Quintin\\OneDrive\\Documents\\GitHub\\TCG\\node_modules\\next',
685 silly reify   'C:\\Users\\Quintin\\OneDrive\\Documents\\GitHub\\TCG\\node_modules\\.bin\\next',
685 silly reify   'C:\\Users\\Quintin\\OneDrive\\Documents\\GitHub\\TCG\\node_modules\\.bin\\next.cmd',
685 silly reify   'C:\\Users\\Quintin\\OneDrive\\Documents\\GitHub\\TCG\\node_modules\\.bin\\next.ps1'
685 silly reify ]
686 silly reify mark retired [
686 silly reify   'C:\\Users\\Quintin\\OneDrive\\Documents\\GitHub\\TCG\\node_modules\\framer-motion'
686 silly reify ]
687 silly reify mark retired [
687 silly reify   'C:\\Users\\Quintin\\OneDrive\\Documents\\GitHub\\TCG\\node_modules\\eslint-config-next'
687 silly reify ]
688 silly reify mark retired [
688 silly reify   'C:\\Users\\Quintin\\OneDrive\\Documents\\GitHub\\TCG\\node_modules\\babel-plugin-react-compiler'
688 silly reify ]
689 silly reify mark retired [
689 silly reify   'C:\\Users\\Quintin\\OneDrive\\Documents\\GitHub\\TCG\\node_modules\\react'
689 silly reify ]
690 silly reify mark retired [
690 silly reify   'C:\\Users\\Quintin\\OneDrive\\Documents\\GitHub\\TCG\\node_modules\\supabase',
690 silly reify   'C:\\Users\\Quintin\\OneDrive\\Documents\\GitHub\\TCG\\node_modules\\.bin\\supabase',
690 silly reify   'C:\\Users\\Quintin\\OneDrive\\Documents\\GitHub\\TCG\\node_modules\\.bin\\supabase.cmd',
690 silly reify   'C:\\Users\\Quintin\\OneDrive\\Documents\\GitHub\\TCG\\node_modules\\.bin\\supabase.ps1'
690 silly reify ]
691 silly reify mark retired [
691 silly reify   'C:\\Users\\Quintin\\OneDrive\\Documents\\GitHub\\TCG\\node_modules\\tailwindcss'
691 silly reify ]
692 silly reify mark retired [
692 silly reify   'C:\\Users\\Quintin\\OneDrive\\Documents\\GitHub\\TCG\\node_modules\\stripe'
692 silly reify ]
693 silly reify mark retired [
693 silly reify   'C:\\Users\\Quintin\\OneDrive\\Documents\\GitHub\\TCG\\node_modules\\tsx',
693 silly reify   'C:\\Users\\Quintin\\OneDrive\\Documents\\GitHub\\TCG\\node_modules\\.bin\\tsx',
693 silly reify   'C:\\Users\\Quintin\\OneDrive\\Documents\\GitHub\\TCG\\node_modules\\.bin\\tsx.cmd',
693 silly reify   'C:\\Users\\Quintin\\OneDrive\\Documents\\GitHub\\TCG\\node_modules\\.bin\\tsx.ps1'
693 silly reify ]
694 silly reify mark retired [
694 silly reify   'C:\\Users\\Quintin\\OneDrive\\Documents\\GitHub\\TCG\\node_modules\\typescript',
694 silly reify   'C:\\Users\\Quintin\\OneDrive\\Documents\\GitHub\\TCG\\node_modules\\.bin\\tsc',
694 silly reify   'C:\\Users\\Quintin\\OneDrive\\Documents\\GitHub\\TCG\\node_modules\\.bin\\tsc.cmd',
694 silly reify   'C:\\Users\\Quintin\\OneDrive\\Documents\\GitHub\\TCG\\node_modules\\.bin\\tsc.ps1',
694 silly reify   'C:\\Users\\Quintin\\OneDrive\\Documents\\GitHub\\TCG\\node_modules\\.bin\\tsserver',
694 silly reify   'C:\\Users\\Quintin\\OneDrive\\Documents\\GitHub\\TCG\\node_modules\\.bin\\tsserver.cmd',
694 silly reify   'C:\\Users\\Quintin\\OneDrive\\Documents\\GitHub\\TCG\\node_modules\\.bin\\tsserver.ps1'
694 silly reify ]
695 silly reify mark retired [
695 silly reify   'C:\\Users\\Quintin\\OneDrive\\Documents\\GitHub\\TCG\\node_modules\\vitest',
695 silly reify   'C:\\Users\\Quintin\\OneDrive\\Documents\\GitHub\\TCG\\node_modules\\.bin\\vitest',
695 silly reify   'C:\\Users\\Quintin\\OneDrive\\Documents\\GitHub\\TCG\\node_modules\\.bin\\vitest.cmd',
695 silly reify   'C:\\Users\\Quintin\\OneDrive\\Documents\\GitHub\\TCG\\node_modules\\.bin\\vitest.ps1'
695 silly reify ]
696 silly reify mark retired [
696 silly reify   'C:\\Users\\Quintin\\OneDrive\\Documents\\GitHub\\TCG\\node_modules\\@supabase\\ssr'
696 silly reify ]
697 silly reify mark retired [
697 silly reify   'C:\\Users\\Quintin\\OneDrive\\Documents\\GitHub\\TCG\\node_modules\\@supabase\\supabase-js'
697 silly reify ]
698 silly reify mark retired [
698 silly reify   'C:\\Users\\Quintin\\OneDrive\\Documents\\GitHub\\TCG\\node_modules\\@types\\react'
698 silly reify ]
699 silly reify mark retired [
699 silly reify   'C:\\Users\\Quintin\\OneDrive\\Documents\\GitHub\\TCG\\node_modules\\@types\\react-dom'
699 silly reify ]
700 silly reify mark retired [
700 silly reify   'C:\\Users\\Quintin\\OneDrive\\Documents\\GitHub\\TCG\\node_modules\\@types\\node'
700 silly reify ]
701 silly reify mark retired [
701 silly reify   'C:\\Users\\Quintin\\OneDrive\\Documents\\GitHub\\TCG\\node_modules\\@tailwindcss\\postcss'
701 silly reify ]
702 silly reify moves {
702 silly reify   'C:\\Users\\Quintin\\OneDrive\\Documents\\GitHub\\TCG\\node_modules\\enhanced-resolve': 'C:\\Users\\Quintin\\OneDrive\\Documents\\GitHub\\TCG\\node_modules\\.enhanced-resolve-kf8SqkAA',
702 silly reify   'C:\\Users\\Quintin\\OneDrive\\Documents\\GitHub\\TCG\\node_modules\\side-channel': 'C:\\Users\\Quintin\\OneDrive\\Documents\\GitHub\\TCG\\node_modules\\.side-channel-laPZ6hQE',
702 silly reify   'C:\\Users\\Quintin\\OneDrive\\Documents\\GitHub\\TCG\\node_modules\\eslint': 'C:\\Users\\Quintin\\OneDrive\\Documents\\GitHub\\TCG\\node_modules\\.eslint-ZdkrjIGd',
702 silly reify   'C:\\Users\\Quintin\\OneDrive\\Documents\\GitHub\\TCG\\node_modules\\.bin\\eslint': 'C:\\Users\\Quintin\\OneDrive\\Documents\\GitHub\\TCG\\node_modules\\.bin\\.eslint-h0Mxt2QB',
702 silly reify   'C:\\Users\\Quintin\\OneDrive\\Documents\\GitHub\\TCG\\node_modules\\.bin\\eslint.cmd': 'C:\\Users\\Quintin\\OneDrive\\Documents\\GitHub\\TCG\\node_modules\\.bin\\.eslint.cmd-idnKx4LQ',
702 silly reify   'C:\\Users\\Quintin\\OneDrive\\Documents\\GitHub\\TCG\\node_modules\\.bin\\eslint.ps1': 'C:\\Users\\Quintin\\OneDrive\\Documents\\GitHub\\TCG\\node_modules\\.bin\\.eslint.ps1-MIKIenej',
702 silly reify   'C:\\Users\\Quintin\\OneDrive\\Documents\\GitHub\\TCG\\node_modules\\react-dom': 'C:\\Users\\Quintin\\OneDrive\\Documents\\GitHub\\TCG\\node_modules\\.react-dom-THB8uujh',
702 silly reify   'C:\\Users\\Quintin\\OneDrive\\Documents\\GitHub\\TCG\\node_modules\\justtcg-js': 'C:\\Users\\Quintin\\OneDrive\\Documents\\GitHub\\TCG\\node_modules\\.justtcg-js-Z1IEReNj',
702 silly reify   'C:\\Users\\Quintin\\OneDrive\\Documents\\GitHub\\TCG\\node_modules\\next': 'C:\\Users\\Quintin\\OneDrive\\Documents\\GitHub\\TCG\\node_modules\\.next-OCvduEcy',
702 silly reify   'C:\\Users\\Quintin\\OneDrive\\Documents\\GitHub\\TCG\\node_modules\\.bin\\next': 'C:\\Users\\Quintin\\OneDrive\\Documents\\GitHub\\TCG\\node_modules\\.bin\\.next-sOUb8gwt',
702 silly reify   'C:\\Users\\Quintin\\OneDrive\\Documents\\GitHub\\TCG\\node_modules\\.bin\\next.cmd': 'C:\\Users\\Quintin\\OneDrive\\Documents\\GitHub\\TCG\\node_modules\\.bin\\.next.cmd-1SEsDLD3',
702 silly reify   'C:\\Users\\Quintin\\OneDrive\\Documents\\GitHub\\TCG\\node_modules\\.bin\\next.ps1': 'C:\\Users\\Quintin\\OneDrive\\Documents\\GitHub\\TCG\\node_modules\\.bin\\.next.ps1-4fEqksVD',
702 silly reify   'C:\\Users\\Quintin\\OneDrive\\Documents\\GitHub\\TCG\\node_modules\\framer-motion': 'C:\\Users\\Quintin\\OneDrive\\Documents\\GitHub\\TCG\\node_modules\\.framer-motion-VedVEJNK',
702 silly reify   'C:\\Users\\Quintin\\OneDrive\\Documents\\GitHub\\TCG\\node_modules\\eslint-config-next': 'C:\\Users\\Quintin\\OneDrive\\Documents\\GitHub\\TCG\\node_modules\\.eslint-config-next-x48y3b9A',
702 silly reify   'C:\\Users\\Quintin\\OneDrive\\Documents\\GitHub\\TCG\\node_modules\\babel-plugin-react-compiler': 'C:\\Users\\Quintin\\OneDrive\\Documents\\GitHub\\TCG\\node_modules\\.babel-plugin-react-compiler-OSF46FCq',
702 silly reify   'C:\\Users\\Quintin\\OneDrive\\Documents\\GitHub\\TCG\\node_modules\\react': 'C:\\Users\\Quintin\\OneDrive\\Documents\\GitHub\\TCG\\node_modules\\.react-2rrDWowO',
702 silly reify   'C:\\Users\\Quintin\\OneDrive\\Documents\\GitHub\\TCG\\node_modules\\supabase': 'C:\\Users\\Quintin\\OneDrive\\Documents\\GitHub\\TCG\\node_modules\\.supabase-Er4ftGIh',
702 silly reify   'C:\\Users\\Quintin\\OneDrive\\Documents\\GitHub\\TCG\\node_modules\\.bin\\supabase': 'C:\\Users\\Quintin\\OneDrive\\Documents\\GitHub\\TCG\\node_modules\\.bin\\.supabase-1AlRuYX4',
702 silly reify   'C:\\Users\\Quintin\\OneDrive\\Documents\\GitHub\\TCG\\node_modules\\.bin\\supabase.cmd': 'C:\\Users\\Quintin\\OneDrive\\Documents\\GitHub\\TCG\\node_modules\\.bin\\.supabase.cmd-PsnAYiQz',
702 silly reify   'C:\\Users\\Quintin\\OneDrive\\Documents\\GitHub\\TCG\\node_modules\\.bin\\supabase.ps1': 'C:\\Users\\Quintin\\OneDrive\\Documents\\GitHub\\TCG\\node_modules\\.bin\\.supabase.ps1-wvNWw8UN',
702 silly reify   'C:\\Users\\Quintin\\OneDrive\\Documents\\GitHub\\TCG\\node_modules\\tailwindcss': 'C:\\Users\\Quintin\\OneDrive\\Documents\\GitHub\\TCG\\node_modules\\.tailwindcss-3fG1GkiD',
702 silly reify   'C:\\Users\\Quintin\\OneDrive\\Documents\\GitHub\\TCG\\node_modules\\stripe': 'C:\\Users\\Quintin\\OneDrive\\Documents\\GitHub\\TCG\\node_modules\\.stripe-PS3F9kbY',
702 silly reify   'C:\\Users\\Quintin\\OneDrive\\Documents\\GitHub\\TCG\\node_modules\\tsx': 'C:\\Users\\Quintin\\OneDrive\\Documents\\GitHub\\TCG\\node_modules\\.tsx-5V0PHKz6',
702 silly reify   'C:\\Users\\Quintin\\OneDrive\\Documents\\GitHub\\TCG\\node_modules\\.bin\\tsx': 'C:\\Users\\Quintin\\OneDrive\\Documents\\GitHub\\TCG\\node_modules\\.bin\\.tsx-oeiAJc70',
702 silly reify   'C:\\Users\\Quintin\\OneDrive\\Documents\\GitHub\\TCG\\node_modules\\.bin\\tsx.cmd': 'C:\\Users\\Quintin\\OneDrive\\Documents\\GitHub\\TCG\\node_modules\\.bin\\.tsx.cmd-5iO6WZ4g',
702 silly reify   'C:\\Users\\Quintin\\OneDrive\\Documents\\GitHub\\TCG\\node_modules\\.bin\\tsx.ps1': 'C:\\Users\\Quintin\\OneDrive\\Documents\\GitHub\\TCG\\node_modules\\.bin\\.tsx.ps1-QkVlG9UZ',
702 silly reify   'C:\\Users\\Quintin\\OneDrive\\Documents\\GitHub\\TCG\\node_modules\\typescript': 'C:\\Users\\Quintin\\OneDrive\\Documents\\GitHub\\TCG\\node_modules\\.typescript-JdkFzDrv',
702 silly reify   'C:\\Users\\Quintin\\OneDrive\\Documents\\GitHub\\TCG\\node_modules\\.bin\\tsc': 'C:\\Users\\Quintin\\OneDrive\\Documents\\GitHub\\TCG\\node_modules\\.bin\\.tsc-Hpy0ZM1d',
702 silly reify   'C:\\Users\\Quintin\\OneDrive\\Documents\\GitHub\\TCG\\node_modules\\.bin\\tsc.cmd': 'C:\\Users\\Quintin\\OneDrive\\Documents\\GitHub\\TCG\\node_modules\\.bin\\.tsc.cmd-RnedYcp7',
702 silly reify   'C:\\Users\\Quintin\\OneDrive\\Documents\\GitHub\\TCG\\node_modules\\.bin\\tsc.ps1': 'C:\\Users\\Quintin\\OneDrive\\Documents\\GitHub\\TCG\\node_modules\\.bin\\.tsc.ps1-zWBCpali',
702 silly reify   'C:\\Users\\Quintin\\OneDrive\\Documents\\GitHub\\TCG\\node_modules\\.bin\\tsserver': 'C:\\Users\\Quintin\\OneDrive\\Documents\\GitHub\\TCG\\node_modules\\.bin\\.tsserver-6l0P0pQ6',
702 silly reify   'C:\\Users\\Quintin\\OneDrive\\Documents\\GitHub\\TCG\\node_modules\\.bin\\tsserver.cmd': 'C:\\Users\\Quintin\\OneDrive\\Documents\\GitHub\\TCG\\node_modules\\.bin\\.tsserver.cmd-1GXJsUR5',
702 silly reify   'C:\\Users\\Quintin\\OneDrive\\Documents\\GitHub\\TCG\\node_modules\\.bin\\tsserver.ps1': 'C:\\Users\\Quintin\\OneDrive\\Documents\\GitHub\\TCG\\node_modules\\.bin\\.tsserver.ps1-ocdSdiq2',
702 silly reify   'C:\\Users\\Quintin\\OneDrive\\Documents\\GitHub\\TCG\\node_modules\\vitest': 'C:\\Users\\Quintin\\OneDrive\\Documents\\GitHub\\TCG\\node_modules\\.vitest-MlevlJ7r',
702 silly reify   'C:\\Users\\Quintin\\OneDrive\\Documents\\GitHub\\TCG\\node_modules\\.bin\\vitest': 'C:\\Users\\Quintin\\OneDrive\\Documents\\GitHub\\TCG\\node_modules\\.bin\\.vitest-0fvaRTVY',
702 silly reify   'C:\\Users\\Quintin\\OneDrive\\Documents\\GitHub\\TCG\\node_modules\\.bin\\vitest.cmd': 'C:\\Users\\Quintin\\OneDrive\\Documents\\GitHub\\TCG\\node_modules\\.bin\\.vitest.cmd-1ZvvI2Po',
702 silly reify   'C:\\Users\\Quintin\\OneDrive\\Documents\\GitHub\\TCG\\node_modules\\.bin\\vitest.ps1': 'C:\\Users\\Quintin\\OneDrive\\Documents\\GitHub\\TCG\\node_modules\\.bin\\.vitest.ps1-vMGBgeQz',
702 silly reify   'C:\\Users\\Quintin\\OneDrive\\Documents\\GitHub\\TCG\\node_modules\\@supabase\\ssr': 'C:\\Users\\Quintin\\OneDrive\\Documents\\GitHub\\TCG\\node_modules\\@supabase\\.ssr-nfVuM4FT',
702 silly reify   'C:\\Users\\Quintin\\OneDrive\\Documents\\GitHub\\TCG\\node_modules\\@supabase\\supabase-js': 'C:\\Users\\Quintin\\OneDrive\\Documents\\GitHub\\TCG\\node_modules\\@supabase\\.supabase-js-wlwfQSFv',
702 silly reify   'C:\\Users\\Quintin\\OneDrive\\Documents\\GitHub\\TCG\\node_modules\\@types\\react': 'C:\\Users\\Quintin\\OneDrive\\Documents\\GitHub\\TCG\\node_modules\\@types\\.react-jk2V1igr',
702 silly reify   'C:\\Users\\Quintin\\OneDrive\\Documents\\GitHub\\TCG\\node_modules\\@types\\react-dom': 'C:\\Users\\Quintin\\OneDrive\\Documents\\GitHub\\TCG\\node_modules\\@types\\.react-dom-Ba2BC2AW',
702 silly reify   'C:\\Users\\Quintin\\OneDrive\\Documents\\GitHub\\TCG\\node_modules\\@types\\node': 'C:\\Users\\Quintin\\OneDrive\\Documents\\GitHub\\TCG\\node_modules\\@types\\.node-lB9HnvMr',
702 silly reify   'C:\\Users\\Quintin\\OneDrive\\Documents\\GitHub\\TCG\\node_modules\\@tailwindcss\\postcss': 'C:\\Users\\Quintin\\OneDrive\\Documents\\GitHub\\TCG\\node_modules\\@tailwindcss\\.postcss-70YgWDSP'
702 silly reify }
703 silly audit bulk request {
703 silly audit   '@alloc/quick-lru': [ '5.2.0' ],
703 silly audit   '@babel/code-frame': [ '7.29.0' ],
703 silly audit   '@babel/compat-data': [ '7.29.3' ],
703 silly audit   '@babel/core': [ '7.29.0' ],
703 silly audit   '@babel/generator': [ '7.29.1' ],
703 silly audit   '@babel/helper-compilation-targets': [ '7.28.6' ],
703 silly audit   '@babel/helper-globals': [ '7.28.0' ],
703 silly audit   '@babel/helper-module-imports': [ '7.28.6' ],
703 silly audit   '@babel/helper-module-transforms': [ '7.28.6' ],
703 silly audit   '@babel/helper-string-parser': [ '7.27.1' ],
703 silly audit   '@babel/helper-validator-identifier': [ '7.28.5' ],
703 silly audit   '@babel/helper-validator-option': [ '7.27.1' ],
703 silly audit   '@babel/helpers': [ '7.29.2' ],
703 silly audit   '@babel/parser': [ '7.29.3' ],
703 silly audit   '@babel/template': [ '7.28.6' ],
703 silly audit   '@babel/traverse': [ '7.29.0' ],
703 silly audit   '@babel/types': [ '7.29.0' ],
703 silly audit   '@ecies/ciphers': [ '0.2.6' ],
703 silly audit   '@emnapi/core': [ '1.10.0' ],
703 silly audit   '@emnapi/runtime': [ '1.10.0' ],
703 silly audit   '@emnapi/wasi-threads': [ '1.2.1' ],
703 silly audit   '@esbuild/aix-ppc64': [ '0.28.1' ],
703 silly audit   '@esbuild/android-arm': [ '0.28.1' ],
703 silly audit   '@esbuild/android-arm64': [ '0.28.1' ],
703 silly audit   '@esbuild/android-x64': [ '0.28.1' ],
703 silly audit   '@esbuild/darwin-arm64': [ '0.28.1' ],
703 silly audit   '@esbuild/darwin-x64': [ '0.28.1' ],
703 silly audit   '@esbuild/freebsd-arm64': [ '0.28.1' ],
703 silly audit   '@esbuild/freebsd-x64': [ '0.28.1' ],
703 silly audit   '@esbuild/linux-arm': [ '0.28.1' ],
703 silly audit   '@esbuild/linux-arm64': [ '0.28.1' ],
703 silly audit   '@esbuild/linux-ia32': [ '0.28.1' ],
703 silly audit   '@esbuild/linux-loong64': [ '0.28.1' ],
703 silly audit   '@esbuild/linux-mips64el': [ '0.28.1' ],
703 silly audit   '@esbuild/linux-ppc64': [ '0.28.1' ],
703 silly audit   '@esbuild/linux-riscv64': [ '0.28.1' ],
703 silly audit   '@esbuild/linux-s390x': [ '0.28.1' ],
703 silly audit   '@esbuild/linux-x64': [ '0.28.1' ],
703 silly audit   '@esbuild/netbsd-arm64': [ '0.28.1' ],
703 silly audit   '@esbuild/netbsd-x64': [ '0.28.1' ],
703 silly audit   '@esbuild/openbsd-arm64': [ '0.28.1' ],
703 silly audit   '@esbuild/openbsd-x64': [ '0.28.1' ],
703 silly audit   '@esbuild/openharmony-arm64': [ '0.28.1' ],
703 silly audit   '@esbuild/sunos-x64': [ '0.28.1' ],
703 silly audit   '@esbuild/win32-arm64': [ '0.28.1' ],
703 silly audit   '@esbuild/win32-ia32': [ '0.28.1' ],
703 silly audit   '@esbuild/win32-x64': [ '0.28.1' ],
703 silly audit   '@eslint-community/eslint-utils': [ '4.9.1' ],
703 silly audit   'eslint-visitor-keys': [ '3.4.3', '5.0.1', '4.2.1' ],
703 silly audit   '@eslint-community/regexpp': [ '4.12.2' ],
703 silly audit   '@eslint/config-array': [ '0.21.2' ],
703 silly audit   '@eslint/config-helpers': [ '0.4.2' ],
703 silly audit   '@eslint/core': [ '0.17.0' ],
703 silly audit   '@eslint/eslintrc': [ '3.3.5' ],
703 silly audit   '@eslint/js': [ '9.39.4' ],
703 silly audit   '@eslint/object-schema': [ '2.1.7' ],
703 silly audit   '@eslint/plugin-kit': [ '0.4.1' ],
703 silly audit   '@humanfs/core': [ '0.19.2' ],
703 silly audit   '@humanfs/node': [ '0.16.8' ],
703 silly audit   '@humanfs/types': [ '0.15.0' ],
703 silly audit   '@humanwhocodes/module-importer': [ '1.0.1' ],
703 silly audit   '@humanwhocodes/retry': [ '0.4.3' ],
703 silly audit   '@img/colour': [ '1.1.0' ],
703 silly audit   '@img/sharp-darwin-arm64': [ '0.34.5' ],
703 silly audit   '@img/sharp-darwin-x64': [ '0.34.5' ],
703 silly audit   '@img/sharp-libvips-darwin-arm64': [ '1.2.4' ],
703 silly audit   '@img/sharp-libvips-darwin-x64': [ '1.2.4' ],
703 silly audit   '@img/sharp-libvips-linux-arm': [ '1.2.4' ],
703 silly audit   '@img/sharp-libvips-linux-arm64': [ '1.2.4' ],
703 silly audit   '@img/sharp-libvips-linux-ppc64': [ '1.2.4' ],
703 silly audit   '@img/sharp-libvips-linux-riscv64': [ '1.2.4' ],
703 silly audit   '@img/sharp-libvips-linux-s390x': [ '1.2.4' ],
703 silly audit   '@img/sharp-libvips-linux-x64': [ '1.2.4' ],
703 silly audit   '@img/sharp-libvips-linuxmusl-arm64': [ '1.2.4' ],
703 silly audit   '@img/sharp-libvips-linuxmusl-x64': [ '1.2.4' ],
703 silly audit   '@img/sharp-linux-arm': [ '0.34.5' ],
703 silly audit   '@img/sharp-linux-arm64': [ '0.34.5' ],
703 silly audit   '@img/sharp-linux-ppc64': [ '0.34.5' ],
703 silly audit   '@img/sharp-linux-riscv64': [ '0.34.5' ],
703 silly audit   '@img/sharp-linux-s390x': [ '0.34.5' ],
703 silly audit   '@img/sharp-linux-x64': [ '0.34.5' ],
703 silly audit   '@img/sharp-linuxmusl-arm64': [ '0.34.5' ],
703 silly audit   '@img/sharp-linuxmusl-x64': [ '0.34.5' ],
703 silly audit   '@img/sharp-wasm32': [ '0.34.5' ],
703 silly audit   '@img/sharp-win32-arm64': [ '0.34.5' ],
703 silly audit   '@img/sharp-win32-ia32': [ '0.34.5' ],
703 silly audit   '@img/sharp-win32-x64': [ '0.34.5' ],
703 silly audit   '@jridgewell/gen-mapping': [ '0.3.13' ],
703 silly audit   '@jridgewell/remapping': [ '2.3.5' ],
703 silly audit   '@jridgewell/resolve-uri': [ '3.1.2' ],
703 silly audit   '@jridgewell/sourcemap-codec': [ '1.5.5' ],
703 silly audit   '@jridgewell/trace-mapping': [ '0.3.31' ],
703 silly audit   '@napi-rs/wasm-runtime': [ '0.2.12' ],
703 silly audit   '@next/env': [ '16.2.4' ],
703 silly audit   '@next/eslint-plugin-next': [ '16.2.4' ],
703 silly audit   '@next/swc-darwin-arm64': [ '16.2.4' ],
703 silly audit   '@next/swc-darwin-x64': [ '16.2.4' ],
703 silly audit   '@next/swc-linux-arm64-gnu': [ '16.2.4' ],
703 silly audit   '@next/swc-linux-arm64-musl': [ '16.2.4' ],
703 silly audit   '@next/swc-linux-x64-gnu': [ '16.2.4' ],
703 silly audit   '@next/swc-linux-x64-musl': [ '16.2.4' ],
703 silly audit   '@next/swc-win32-arm64-msvc': [ '16.2.4' ],
703 silly audit   '@next/swc-win32-x64-msvc': [ '16.2.4' ],
703 silly audit   '@noble/ciphers': [ '1.3.0' ],
703 silly audit   '@noble/curves': [ '1.9.7' ],
703 silly audit   '@noble/hashes': [ '1.8.0' ],
703 silly audit   '@nodelib/fs.scandir': [ '2.1.5' ],
703 silly audit   '@nodelib/fs.stat': [ '2.0.5' ],
703 silly audit   '@nodelib/fs.walk': [ '1.2.8' ],
703 silly audit   '@nolyfill/is-core-module': [ '1.0.39' ],
703 silly audit   '@rollup/rollup-android-arm-eabi': [ '4.62.2' ],
703 silly audit   '@rollup/rollup-android-arm64': [ '4.62.2' ],
703 silly audit   '@rollup/rollup-darwin-arm64': [ '4.62.2' ],
703 silly audit   '@rollup/rollup-darwin-x64': [ '4.62.2' ],
703 silly audit   '@rollup/rollup-freebsd-arm64': [ '4.62.2' ],
703 silly audit   '@rollup/rollup-freebsd-x64': [ '4.62.2' ],
703 silly audit   '@rollup/rollup-linux-arm-gnueabihf': [ '4.62.2' ],
703 silly audit   '@rollup/rollup-linux-arm-musleabihf': [ '4.62.2' ],
703 silly audit   '@rollup/rollup-linux-arm64-gnu': [ '4.62.2' ],
703 silly audit   '@rollup/rollup-linux-arm64-musl': [ '4.62.2' ],
703 silly audit   '@rollup/rollup-linux-loong64-gnu': [ '4.62.2' ],
703 silly audit   '@rollup/rollup-linux-loong64-musl': [ '4.62.2' ],
703 silly audit   '@rollup/rollup-linux-ppc64-gnu': [ '4.62.2' ],
703 silly audit   '@rollup/rollup-linux-ppc64-musl': [ '4.62.2' ],
703 silly audit   '@rollup/rollup-linux-riscv64-gnu': [ '4.62.2' ],
703 silly audit   '@rollup/rollup-linux-riscv64-musl': [ '4.62.2' ],
703 silly audit   '@rollup/rollup-linux-s390x-gnu': [ '4.62.2' ],
703 silly audit   '@rollup/rollup-linux-x64-gnu': [ '4.62.2' ],
703 silly audit   '@rollup/rollup-linux-x64-musl': [ '4.62.2' ],
703 silly audit   '@rollup/rollup-openbsd-x64': [ '4.62.2' ],
703 silly audit   '@rollup/rollup-openharmony-arm64': [ '4.62.2' ],
703 silly audit   '@rollup/rollup-win32-arm64-msvc': [ '4.62.2' ],
703 silly audit   '@rollup/rollup-win32-ia32-msvc': [ '4.62.2' ],
703 silly audit   '@rollup/rollup-win32-x64-gnu': [ '4.62.2' ],
703 silly audit   '@rollup/rollup-win32-x64-msvc': [ '4.62.2' ],
703 silly audit   '@rtsao/scc': [ '1.1.0' ],
703 silly audit   '@supabase/auth-js': [ '2.105.1' ],
703 silly audit   '@supabase/cli-darwin-arm64': [ '2.110.0' ],
703 silly audit   '@supabase/cli-darwin-x64': [ '2.110.0' ],
703 silly audit   '@supabase/cli-linux-arm64': [ '2.110.0' ],
703 silly audit   '@supabase/cli-linux-arm64-musl': [ '2.110.0' ],
703 silly audit   '@supabase/cli-linux-x64': [ '2.110.0' ],
703 silly audit   '@supabase/cli-linux-x64-musl': [ '2.110.0' ],
703 silly audit   '@supabase/cli-windows-arm64': [ '2.110.0' ],
703 silly audit   '@supabase/cli-windows-x64': [ '2.110.0' ],
703 silly audit   '@supabase/functions-js': [ '2.105.1' ],
703 silly audit   '@supabase/phoenix': [ '0.4.1' ],
703 silly audit   '@supabase/postgrest-js': [ '2.105.1' ],
703 silly audit   '@supabase/realtime-js': [ '2.105.1' ],
703 silly audit   '@supabase/ssr': [ '0.10.2' ],
703 silly audit   '@supabase/storage-js': [ '2.105.1' ],
703 silly audit   '@supabase/supabase-js': [ '2.105.1' ],
703 silly audit   '@swc/helpers': [ '0.5.15' ],
703 silly audit   '@tailwindcss/node': [ '4.2.4' ],
703 silly audit   '@tailwindcss/oxide': [ '4.2.4' ],
703 silly audit   '@tailwindcss/oxide-android-arm64': [ '4.2.4' ],
703 silly audit   '@tailwindcss/oxide-darwin-arm64': [ '4.2.4' ],
703 silly audit   '@tailwindcss/oxide-darwin-x64': [ '4.2.4' ],
703 silly audit   '@tailwindcss/oxide-freebsd-x64': [ '4.2.4' ],
703 silly audit   '@tailwindcss/oxide-linux-arm-gnueabihf': [ '4.2.4' ],
703 silly audit   '@tailwindcss/oxide-linux-arm64-gnu': [ '4.2.4' ],
703 silly audit   '@tailwindcss/oxide-linux-arm64-musl': [ '4.2.4' ],
703 silly audit   '@tailwindcss/oxide-linux-x64-gnu': [ '4.2.4' ],
703 silly audit   '@tailwindcss/oxide-linux-x64-musl': [ '4.2.4' ],
703 silly audit   '@tailwindcss/oxide-wasm32-wasi': [ '4.2.4' ],
703 silly audit   '@tailwindcss/oxide-win32-arm64-msvc': [ '4.2.4' ],
703 silly audit   '@tailwindcss/oxide-win32-x64-msvc': [ '4.2.4' ],
703 silly audit   '@tailwindcss/postcss': [ '4.2.4' ],
703 silly audit   '@tybys/wasm-util': [ '0.10.1' ],
703 silly audit   '@types/chai': [ '5.2.3' ],
703 silly audit   '@types/deep-eql': [ '4.0.2' ],
703 silly audit   '@types/estree': [ '1.0.9' ],
703 silly audit   '@types/json-schema': [ '7.0.15' ],
703 silly audit   '@types/json5': [ '0.0.29' ],
703 silly audit   '@types/node': [ '20.19.39' ],
703 silly audit   '@types/react': [ '19.2.14' ],
703 silly audit   '@types/react-dom': [ '19.2.3' ],
703 silly audit   '@types/ws': [ '8.18.1' ],
703 silly audit   '@typescript-eslint/eslint-plugin': [ '8.59.1' ],
703 silly audit   ignore: [ '7.0.5', '5.3.2' ],
703 silly audit   '@typescript-eslint/parser': [ '8.59.1' ],
703 silly audit   '@typescript-eslint/project-service': [ '8.59.1' ],
703 silly audit   '@typescript-eslint/scope-manager': [ '8.59.1' ],
703 silly audit   '@typescript-eslint/tsconfig-utils': [ '8.59.1' ],
703 silly audit   '@typescript-eslint/type-utils': [ '8.59.1' ],
703 silly audit   '@typescript-eslint/types': [ '8.59.1' ],
703 silly audit   '@typescript-eslint/typescript-estree': [ '8.59.1' ],
703 silly audit   'balanced-match': [ '4.0.4', '1.0.2' ],
703 silly audit   'brace-expansion': [ '5.0.5', '1.1.14', '5.0.9' ],
703 silly audit   minimatch: [ '10.2.5', '3.1.5', '10.2.6' ],
703 silly audit   semver: [ '7.7.4', '6.3.1' ],
703 silly audit   '@typescript-eslint/utils': [ '8.59.1' ],
703 silly audit   '@typescript-eslint/visitor-keys': [ '8.59.1' ],
703 silly audit   '@unrs/resolver-binding-android-arm-eabi': [ '1.11.1' ],
703 silly audit   '@unrs/resolver-binding-android-arm64': [ '1.11.1' ],
703 silly audit   '@unrs/resolver-binding-darwin-arm64': [ '1.11.1' ],
703 silly audit   '@unrs/resolver-binding-darwin-x64': [ '1.11.1' ],
703 silly audit   '@unrs/resolver-binding-freebsd-x64': [ '1.11.1' ],
703 silly audit   '@unrs/resolver-binding-linux-arm-gnueabihf': [ '1.11.1' ],
703 silly audit   '@unrs/resolver-binding-linux-arm-musleabihf': [ '1.11.1' ],
703 silly audit   '@unrs/resolver-binding-linux-arm64-gnu': [ '1.11.1' ],
703 silly audit   '@unrs/resolver-binding-linux-arm64-musl': [ '1.11.1' ],
703 silly audit   '@unrs/resolver-binding-linux-ppc64-gnu': [ '1.11.1' ],
703 silly audit   '@unrs/resolver-binding-linux-riscv64-gnu': [ '1.11.1' ],
703 silly audit   '@unrs/resolver-binding-linux-riscv64-musl': [ '1.11.1' ],
703 silly audit   '@unrs/resolver-binding-linux-s390x-gnu': [ '1.11.1' ],
703 silly audit   '@unrs/resolver-binding-linux-x64-gnu': [ '1.11.1' ],
703 silly audit   '@unrs/resolver-binding-linux-x64-musl': [ '1.11.1' ],
703 silly audit   '@unrs/resolver-binding-wasm32-wasi': [ '1.11.1' ],
703 silly audit   '@unrs/resolver-binding-win32-arm64-msvc': [ '1.11.1' ],
703 silly audit   '@unrs/resolver-binding-win32-ia32-msvc': [ '1.11.1' ],
703 silly audit   '@unrs/resolver-binding-win32-x64-msvc': [ '1.11.1' ],
703 silly audit   '@vitest/expect': [ '3.2.7' ],
703 silly audit   '@vitest/mocker': [ '3.2.7' ],
703 silly audit   '@vitest/pretty-format': [ '3.2.7' ],
703 silly audit   '@vitest/runner': [ '3.2.7' ],
703 silly audit   '@vitest/snapshot': [ '3.2.7' ],
703 silly audit   '@vitest/spy': [ '3.2.7' ],
703 silly audit   '@vitest/utils': [ '3.2.7' ],
703 silly audit   acorn: [ '8.16.0' ],
703 silly audit   'acorn-jsx': [ '5.3.2' ],
703 silly audit   ajv: [ '6.15.0', '8.20.0' ],
703 silly audit   'ansi-styles': [ '4.3.0' ],
703 silly audit   argparse: [ '2.0.1' ],
703 silly audit   'aria-query': [ '5.3.2' ],
703 silly audit   'array-buffer-byte-length': [ '1.0.2' ],
703 silly audit   'array-includes': [ '3.1.9' ],
703 silly audit   'array.prototype.findlast': [ '1.2.5' ],
703 silly audit   'array.prototype.findlastindex': [ '1.2.6' ],
703 silly audit   'array.prototype.flat': [ '1.3.3' ],
703 silly audit   'array.prototype.flatmap': [ '1.3.3' ],
703 silly audit   'array.prototype.tosorted': [ '1.1.4' ],
703 silly audit   'arraybuffer.prototype.slice': [ '1.0.4' ],
703 silly audit   'assertion-error': [ '2.0.1' ],
703 silly audit   'ast-types-flow': [ '0.0.8' ],
703 silly audit   'async-function': [ '1.0.0' ],
703 silly audit   'available-typed-arrays': [ '1.0.7' ],
703 silly audit   'axe-core': [ '4.11.4' ],
703 silly audit   'axobject-query': [ '4.1.0' ],
703 silly audit   'babel-plugin-react-compiler': [ '1.0.0' ],
703 silly audit   'baseline-browser-mapping': [ '2.10.27' ],
703 silly audit   braces: [ '3.0.3' ],
703 silly audit   browserslist: [ '4.28.2' ],
703 silly audit   cac: [ '6.7.14' ],
703 silly audit   'call-bind': [ '1.0.9' ],
703 silly audit   'call-bind-apply-helpers': [ '1.0.2' ],
703 silly audit   'call-bound': [ '1.0.4' ],
703 silly audit   callsites: [ '3.1.0' ],
703 silly audit   'caniuse-lite': [ '1.0.30001791' ],
703 silly audit   chai: [ '5.3.3' ],
703 silly audit   chalk: [ '4.1.2' ],
703 silly audit   'check-error': [ '2.1.3' ],
703 silly audit   'client-only': [ '0.0.1' ],
703 silly audit   'color-convert': [ '2.0.1' ],
703 silly audit   'color-name': [ '1.1.4' ],
703 silly audit   'concat-map': [ '0.0.1' ],
703 silly audit   'convert-source-map': [ '2.0.0' ],
703 silly audit   cookie: [ '1.1.1' ],
703 silly audit   'cross-spawn': [ '7.0.6' ],
703 silly audit   csstype: [ '3.2.3' ],
703 silly audit   'damerau-levenshtein': [ '1.0.8' ],
703 silly audit   'data-view-buffer': [ '1.0.2' ],
703 silly audit   'data-view-byte-length': [ '1.0.2' ],
703 silly audit   'data-view-byte-offset': [ '1.0.1' ],
703 silly audit   debug: [ '4.4.3', '3.2.7' ],
703 silly audit   'deep-eql': [ '5.0.2' ],
703 silly audit   'deep-is': [ '0.1.4' ],
703 silly audit   'define-data-property': [ '1.1.4' ],
703 silly audit   'define-properties': [ '1.2.1' ],
703 silly audit   'detect-libc': [ '2.1.2' ],
703 silly audit   doctrine: [ '2.1.0' ],
703 silly audit   'dunder-proto': [ '1.0.1' ],
703 silly audit   eciesjs: [ '0.5.0' ],
703 silly audit   'electron-to-chromium': [ '1.5.349' ],
703 silly audit   'emoji-regex': [ '9.2.2' ],
703 silly audit   'es-abstract': [ '1.24.2' ],
703 silly audit   'es-define-property': [ '1.0.1' ],
703 silly audit   'es-errors': [ '1.3.0' ],
703 silly audit   'es-iterator-helpers': [ '1.3.2' ],
703 silly audit   'es-module-lexer': [ '1.7.0', '2.3.2' ],
703 silly audit   'es-object-atoms': [ '1.1.1' ],
703 silly audit   'es-set-tostringtag': [ '2.1.0' ],
703 silly audit   'es-shim-unscopables': [ '1.1.0' ],
703 silly audit   'es-to-primitive': [ '1.3.0' ],
703 silly audit   esbuild: [ '0.28.1' ],
703 silly audit   escalade: [ '3.2.0' ],
703 silly audit   'escape-string-regexp': [ '4.0.0' ],
703 silly audit   eslint: [ '9.39.4' ],
703 silly audit   'eslint-config-next': [ '16.2.4' ],
703 silly audit   globals: [ '16.4.0', '14.0.0' ],
703 silly audit   'eslint-import-resolver-node': [ '0.3.10' ],
703 silly audit   'eslint-import-resolver-typescript': [ '3.10.1' ],
703 silly audit   'eslint-module-utils': [ '2.12.1' ],
703 silly audit   'eslint-plugin-import': [ '2.32.0' ],
703 silly audit   'eslint-plugin-jsx-a11y': [ '6.10.2' ],
703 silly audit   'eslint-plugin-react': [ '7.37.5' ],
703 silly audit   'eslint-plugin-react-hooks': [ '7.1.1' ],
703 silly audit   'eslint-scope': [ '8.4.0' ],
703 silly audit   espree: [ '10.4.0' ],
703 silly audit   esquery: [ '1.7.0' ],
703 silly audit   esrecurse: [ '4.3.0' ],
703 silly audit   estraverse: [ '5.3.0' ],
703 silly audit   'estree-walker': [ '3.0.3', '2.0.2' ],
703 silly audit   esutils: [ '2.0.3' ],
703 silly audit   'expect-type': [ '1.4.0' ],
703 silly audit   'fast-deep-equal': [ '3.1.3' ],
703 silly audit   'fast-glob': [ '3.3.1' ],
703 silly audit   'glob-parent': [ '5.1.2', '6.0.2' ],
703 silly audit   'fast-json-stable-stringify': [ '2.1.0' ],
703 silly audit   'fast-levenshtein': [ '2.0.6' ],
703 silly audit   fastq: [ '1.20.1' ],
703 silly audit   'file-entry-cache': [ '8.0.0' ],
703 silly audit   'fill-range': [ '7.1.1' ],
703 silly audit   'find-up': [ '5.0.0' ],
703 silly audit   'flat-cache': [ '4.0.1' ],
703 silly audit   flatted: [ '3.4.2' ],
703 silly audit   'for-each': [ '0.3.5' ],
703 silly audit   'framer-motion': [ '12.42.2' ],
703 silly audit   fsevents: [ '2.3.3' ],
703 silly audit   'function-bind': [ '1.1.2' ],
703 silly audit   'function.prototype.name': [ '1.1.8' ],
703 silly audit   'functions-have-names': [ '1.2.3' ],
703 silly audit   'generator-function': [ '2.0.1' ],
703 silly audit   gensync: [ '1.0.0-beta.2' ],
703 silly audit   'get-intrinsic': [ '1.3.0' ],
703 silly audit   'get-proto': [ '1.0.1' ],
703 silly audit   'get-symbol-description': [ '1.1.0' ],
703 silly audit   'get-tsconfig': [ '4.14.0' ],
703 silly audit   globalthis: [ '1.0.4' ],
703 silly audit   gopd: [ '1.2.0' ],
703 silly audit   'graceful-fs': [ '4.2.11' ],
703 silly audit   'has-bigints': [ '1.1.0' ],
703 silly audit   'has-flag': [ '4.0.0' ],
703 silly audit   'has-property-descriptors': [ '1.0.2' ],
703 silly audit   'has-proto': [ '1.2.0' ],
703 silly audit   'has-symbols': [ '1.1.0' ],
703 silly audit   'has-tostringtag': [ '1.0.2' ],
703 silly audit   hasown: [ '2.0.3' ],
703 silly audit   'hermes-estree': [ '0.25.1' ],
703 silly audit   'hermes-parser': [ '0.25.1' ],
703 silly audit   'iceberg-js': [ '0.8.1' ],
703 silly audit   'import-fresh': [ '3.3.1' ],
703 silly audit   imurmurhash: [ '0.1.4' ],
703 silly audit   'internal-slot': [ '1.1.0' ],
703 silly audit   'is-array-buffer': [ '3.0.5' ],
703 silly audit   'is-async-function': [ '2.1.1' ],
703 silly audit   'is-bigint': [ '1.1.0' ],
703 silly audit   'is-boolean-object': [ '1.2.2' ],
703 silly audit   'is-bun-module': [ '2.0.0' ],
703 silly audit   'is-callable': [ '1.2.7' ],
703 silly audit   'is-core-module': [ '2.16.1' ],
703 silly audit   'is-data-view': [ '1.0.2' ],
703 silly audit   'is-date-object': [ '1.1.0' ],
703 silly audit   'is-extglob': [ '2.1.1' ],
703 silly audit   'is-finalizationregistry': [ '1.1.1' ],
703 silly audit   'is-generator-function': [ '1.1.2' ],
703 silly audit   'is-glob': [ '4.0.3' ],
703 silly audit   'is-map': [ '2.0.3' ],
703 silly audit   'is-negative-zero': [ '2.0.3' ],
703 silly audit   'is-number': [ '7.0.0' ],
703 silly audit   'is-number-object': [ '1.1.1' ],
703 silly audit   'is-regex': [ '1.2.1' ],
703 silly audit   'is-set': [ '2.0.3' ],
703 silly audit   'is-shared-array-buffer': [ '1.0.4' ],
703 silly audit   'is-string': [ '1.1.1' ],
703 silly audit   'is-symbol': [ '1.1.1' ],
703 silly audit   'is-typed-array': [ '1.1.15' ],
703 silly audit   'is-weakmap': [ '2.0.2' ],
703 silly audit   'is-weakref': [ '1.1.1' ],
703 silly audit   'is-weakset': [ '2.0.4' ],
703 silly audit   isarray: [ '2.0.5' ],
703 silly audit   isexe: [ '2.0.0' ],
703 silly audit   'iterator.prototype': [ '1.1.5' ],
703 silly audit   jiti: [ '2.6.1' ],
703 silly audit   jose: [ '6.2.5' ],
703 silly audit   'js-tokens': [ '4.0.0', '9.0.1' ],
703 silly audit   'js-yaml': [ '4.1.1' ],
703 silly audit   jsesc: [ '3.1.0' ],
703 silly audit   'json-buffer': [ '3.0.1' ],
703 silly audit   'json-schema-traverse': [ '0.4.1', '1.0.0' ],
703 silly audit   'json-stable-stringify-without-jsonify': [ '1.0.1' ],
703 silly audit   json5: [ '2.2.3', '1.0.2' ],
703 silly audit   'jsx-ast-utils': [ '3.3.5' ],
703 silly audit   keyv: [ '4.5.4' ],
703 silly audit   'language-subtag-registry': [ '0.3.23' ],
703 silly audit   'language-tags': [ '1.0.9' ],
703 silly audit   levn: [ '0.4.1' ],
703 silly audit   lightningcss: [ '1.32.0' ],
703 silly audit   'lightningcss-android-arm64': [ '1.32.0' ],
703 silly audit   'lightningcss-darwin-arm64': [ '1.32.0' ],
703 silly audit   'lightningcss-darwin-x64': [ '1.32.0' ],
703 silly audit   'lightningcss-freebsd-x64': [ '1.32.0' ],
703 silly audit   'lightningcss-linux-arm-gnueabihf': [ '1.32.0' ],
703 silly audit   'lightningcss-linux-arm64-gnu': [ '1.32.0' ],
703 silly audit   'lightningcss-linux-arm64-musl': [ '1.32.0' ],
703 silly audit   'lightningcss-linux-x64-gnu': [ '1.32.0' ],
703 silly audit   'lightningcss-linux-x64-musl': [ '1.32.0' ],
703 silly audit   'lightningcss-win32-arm64-msvc': [ '1.32.0' ],
703 silly audit   'lightningcss-win32-x64-msvc': [ '1.32.0' ],
703 silly audit   'locate-path': [ '6.0.0' ],
703 silly audit   'lodash.merge': [ '4.6.2' ],
703 silly audit   'loose-envify': [ '1.4.0' ],
703 silly audit   loupe: [ '3.2.1' ],
703 silly audit   'lru-cache': [ '5.1.1', '11.5.2' ],
703 silly audit   'magic-string': [ '0.30.21' ],
703 silly audit   'math-intrinsics': [ '1.1.0' ],
703 silly audit   merge2: [ '1.4.1' ],
703 silly audit   micromatch: [ '4.0.8' ],
703 silly audit   minimist: [ '1.2.8' ],
703 silly audit   'motion-dom': [ '12.42.2' ],
703 silly audit   'motion-utils': [ '12.39.0' ],
703 silly audit   ms: [ '2.1.3' ],
703 silly audit   nanoid: [ '3.3.12' ],
703 silly audit   'napi-postinstall': [ '0.3.4' ],
703 silly audit   'natural-compare': [ '1.4.0' ],
703 silly audit   next: [ '16.2.4' ],
703 silly audit   postcss: [ '8.4.31', '8.5.13' ],
703 silly audit   'node-exports-info': [ '1.6.0' ],
703 silly audit   'node-releases': [ '2.0.38' ],
703 silly audit   'object-assign': [ '4.1.1' ],
703 silly audit   'object-inspect': [ '1.13.4' ],
703 silly audit   'object-keys': [ '1.1.1' ],
703 silly audit   'object.assign': [ '4.1.7' ],
703 silly audit   'object.entries': [ '1.1.9' ],
703 silly audit   'object.fromentries': [ '2.0.8' ],
703 silly audit   'object.groupby': [ '1.0.3' ],
703 silly audit   'object.values': [ '1.2.1' ],
703 silly audit   optionator: [ '0.9.4' ],
703 silly audit   'own-keys': [ '1.0.1' ],
703 silly audit   'p-limit': [ '3.1.0' ],
703 silly audit   'p-locate': [ '5.0.0' ],
703 silly audit   'parent-module': [ '1.0.1' ],
703 silly audit   'path-exists': [ '4.0.0' ],
703 silly audit   'path-key': [ '3.1.1' ],
703 silly audit   'path-parse': [ '1.0.7' ],
703 silly audit   pathe: [ '2.0.3' ],
703 silly audit   pathval: [ '2.0.1' ],
703 silly audit   picocolors: [ '1.1.1' ],
703 silly audit   picomatch: [ '2.3.2', '4.0.4', '4.0.5', '4.0.7' ],
703 silly audit   'possible-typed-array-names': [ '1.1.0' ],
703 silly audit   'prelude-ls': [ '1.2.1' ],
703 silly audit   'prop-types': [ '15.8.1' ],
703 silly audit   punycode: [ '2.3.1' ],
703 silly audit   qs: [ '6.15.3' ],
703 silly audit   'queue-microtask': [ '1.2.3' ],
703 silly audit   react: [ '19.2.4' ],
703 silly audit   'react-dom': [ '19.2.4' ],
703 silly audit   'react-is': [ '16.13.1' ],
703 silly audit   'reflect.getprototypeof': [ '1.0.10' ],
703 silly audit   'regexp.prototype.flags': [ '1.5.4' ],
703 silly audit   resolve: [ '2.0.0-next.6' ],
703 silly audit   'resolve-from': [ '4.0.0' ],
703 silly audit   'resolve-pkg-maps': [ '1.0.0' ],
703 silly audit   reusify: [ '1.1.0' ],
703 silly audit   rollup: [ '4.62.2' ],
703 silly audit   'run-parallel': [ '1.2.0' ],
703 silly audit   'safe-array-concat': [ '1.1.4' ],
703 silly audit   'safe-push-apply': [ '1.0.0' ],
703 silly audit   'safe-regex-test': [ '1.1.0' ],
703 silly audit   scheduler: [ '0.27.0' ],
703 silly audit   'set-function-length': [ '1.2.2' ],
703 silly audit   'set-function-name': [ '2.0.2' ],
703 silly audit   'set-proto': [ '1.0.0' ],
703 silly audit   sharp: [ '0.34.5' ],
703 silly audit   'shebang-command': [ '2.0.0' ],
703 silly audit   'shebang-regex': [ '3.0.0' ],
703 silly audit   'side-channel': [ '1.1.1' ],
703 silly audit   'side-channel-list': [ '1.0.1' ],
703 silly audit   'side-channel-map': [ '1.0.1' ],
703 silly audit   'side-channel-weakmap': [ '1.0.2' ],
703 silly audit   siginfo: [ '2.0.0' ],
703 silly audit   'source-map-js': [ '1.2.1' ],
703 silly audit   'stable-hash': [ '0.0.5' ],
703 silly audit   stackback: [ '0.0.2' ],
703 silly audit   'std-env': [ '3.10.0' ],
703 silly audit   'stop-iteration-iterator': [ '1.1.0' ],
703 silly audit   'string.prototype.includes': [ '2.0.1' ],
703 silly audit   'string.prototype.matchall': [ '4.0.12' ],
703 silly audit   'string.prototype.repeat': [ '1.0.0' ],
703 silly audit   'string.prototype.trim': [ '1.2.10' ],
703 silly audit   'string.prototype.trimend': [ '1.0.9' ],
703 silly audit   'string.prototype.trimstart': [ '1.0.8' ],
703 silly audit   'strip-bom': [ '3.0.0' ],
703 silly audit   'strip-json-comments': [ '3.1.1' ],
703 silly audit   'strip-literal': [ '3.1.0' ],
703 silly audit   stripe: [ '18.5.0' ],
703 silly audit   'styled-jsx': [ '5.1.6' ],
703 silly audit   supabase: [ '2.110.0' ],
703 silly audit   'supports-color': [ '7.2.0', '8.1.1' ],
703 silly audit   'supports-preserve-symlinks-flag': [ '1.0.0' ],
703 silly audit   tailwindcss: [ '4.2.4' ],
703 silly audit   tapable: [ '2.3.3' ],
703 silly audit   tinybench: [ '2.9.0' ],
703 silly audit   tinyexec: [ '0.3.2' ],
703 silly audit   tinyglobby: [ '0.2.16' ],
703 silly audit   fdir: [ '6.5.0' ],
703 silly audit   tinypool: [ '1.1.1' ],
703 silly audit   tinyrainbow: [ '2.0.0' ],
703 silly audit   tinyspy: [ '4.0.4' ],
703 silly audit   'to-regex-range': [ '5.0.1' ],
703 silly audit   'ts-api-utils': [ '2.5.0' ],
703 silly audit   'tsconfig-paths': [ '3.15.0' ],
703 silly audit   tslib: [ '2.8.1' ],
703 silly audit   tsx: [ '4.22.4' ],
703 silly audit   'type-check': [ '0.4.0' ],
703 silly audit   'typed-array-buffer': [ '1.0.3' ],
703 silly audit   'typed-array-byte-length': [ '1.0.3' ],
703 silly audit   'typed-array-byte-offset': [ '1.0.4' ],
703 silly audit   'typed-array-length': [ '1.0.7' ],
703 silly audit   typescript: [ '5.9.3' ],
703 silly audit   'typescript-eslint': [ '8.59.1' ],
703 silly audit   'unbox-primitive': [ '1.1.0' ],
703 silly audit   'undici-types': [ '6.21.0' ],
703 silly audit   'unrs-resolver': [ '1.11.1' ],
703 silly audit   'update-browserslist-db': [ '1.2.3' ],
703 silly audit   'uri-js': [ '4.4.1' ],
703 silly audit   vite: [ '7.3.6' ],
703 silly audit   'vite-node': [ '3.2.4' ],
703 silly audit   vitest: [ '3.2.7' ],
703 silly audit   which: [ '2.0.2' ],
703 silly audit   'which-boxed-primitive': [ '1.1.1' ],
703 silly audit   'which-builtin-type': [ '1.2.1' ],
703 silly audit   'which-collection': [ '1.0.2' ],
703 silly audit   'which-typed-array': [ '1.1.20' ],
703 silly audit   'why-is-node-running': [ '2.3.0' ],
703 silly audit   'word-wrap': [ '1.2.5' ],
703 silly audit   ws: [ '8.20.0' ],
703 silly audit   yallist: [ '3.1.1' ],
703 silly audit   'yocto-queue': [ '0.1.0' ],
703 silly audit   zod: [ '4.4.2' ],
703 silly audit   'zod-validation-error': [ '4.0.2' ],
703 silly audit   '@sentry/nextjs': [ '10.72.0' ],
703 silly audit   resend: [ '6.25.0' ],
703 silly audit   '@opentelemetry/api': [ '1.9.1' ],
703 silly audit   '@rollup/plugin-commonjs': [ '28.0.1' ],
703 silly audit   '@sentry/browser-utils': [ '10.72.0' ],
703 silly audit   '@sentry/bundler-plugin-core': [ '5.3.0' ],
703 silly audit   '@sentry/conventions': [ '0.16.0' ],
703 silly audit   '@sentry/core': [ '10.72.0' ],
703 silly audit   '@sentry/node': [ '10.72.0' ],
703 silly audit   '@sentry/opentelemetry': [ '10.72.0' ],
703 silly audit   '@opentelemetry/core': [ '2.10.0' ],
703 silly audit   '@opentelemetry/sdk-trace-base': [ '2.10.0' ],
703 silly audit   '@sentry/react': [ '10.72.0' ],
703 silly audit   '@sentry/server-utils': [ '10.72.0' ],
703 silly audit   '@sentry/vercel-edge': [ '10.72.0' ],
703 silly audit   '@sentry/webpack-plugin': [ '5.4.0' ],
703 silly audit   webpack: [ '5.110.2' ],
703 silly audit   'stacktrace-parser': [ '0.1.11' ],
703 silly audit   '@opentelemetry/semantic-conventions': [ '1.43.0' ],
703 silly audit   '@opentelemetry/resources': [ '2.10.0' ],
703 silly audit   '@opentelemetry/sdk-trace': [ '2.10.0' ],
703 silly audit   '@rollup/pluginutils': [ '5.4.0' ],
703 silly audit   commondir: [ '1.0.1' ],
703 silly audit   'is-reference': [ '1.2.1' ],
703 silly audit   '@sentry/babel-plugin-component-annotate': [ '5.3.0' ],
703 silly audit   '@sentry/cli': [ '2.58.6' ],
703 silly audit   dotenv: [ '16.6.1', '17.4.2' ],
703 silly audit   glob: [ '13.0.6' ],
703 silly audit   '@sentry/cli-darwin': [ '2.58.6' ],
703 silly audit   '@sentry/cli-linux-arm': [ '2.58.6' ],
703 silly audit   '@sentry/cli-linux-arm64': [ '2.58.6' ],
703 silly audit   '@sentry/cli-linux-i686': [ '2.58.6' ],
703 silly audit   '@sentry/cli-linux-x64': [ '2.58.6' ],
703 silly audit   '@sentry/cli-win32-arm64': [ '2.58.6' ],
703 silly audit   '@sentry/cli-win32-i686': [ '2.58.6' ],
703 silly audit   '@sentry/cli-win32-x64': [ '2.58.6' ],
703 silly audit   'https-proxy-agent': [ '5.0.1' ],
703 silly audit   'node-fetch': [ '2.7.0' ],
703 silly audit   progress: [ '2.0.3' ],
703 silly audit   'proxy-from-env': [ '1.1.0' ],
703 silly audit   '@opentelemetry/instrumentation': [ '0.220.0' ],
703 silly audit   '@sentry/node-core': [ '10.72.0' ],
703 silly audit   'import-in-the-middle': [ '3.4.0' ],
703 silly audit   '@opentelemetry/api-logs': [ '0.220.0' ],
703 silly audit   'require-in-the-middle': [ '8.0.1' ],
703 silly audit   '@sentry/browser': [ '10.72.0' ],
703 silly audit   '@sentry/feedback': [ '10.72.0' ],
703 silly audit   '@sentry/replay': [ '10.72.0' ],
703 silly audit   '@sentry/replay-canvas': [ '10.72.0' ],
703 silly audit   '@sentry/bundler-plugins': [ '10.72.0' ],
703 silly audit   minipass: [ '7.1.3' ],
703 silly audit   'path-scurry': [ '2.0.2' ],
703 silly audit   'agent-base': [ '6.0.2' ],
703 silly audit   'cjs-module-lexer': [ '2.2.1' ],
703 silly audit   'module-details-from-path': [ '1.0.4' ],
703 silly audit   'whatwg-url': [ '5.0.0' ],
703 silly audit   'postal-mime': [ '2.7.5' ],
703 silly audit   standardwebhooks: [ '1.0.0' ],
703 silly audit   'type-fest': [ '0.7.1' ],
703 silly audit   '@stablelib/base64': [ '1.0.1' ],
703 silly audit   'fast-sha256': [ '1.3.0' ],
703 silly audit   '@webassemblyjs/ast': [ '1.14.1' ],
703 silly audit   '@webassemblyjs/wasm-edit': [ '1.14.1' ],
703 silly audit   '@webassemblyjs/wasm-parser': [ '1.14.1' ],
703 silly audit   'chrome-trace-event': [ '1.0.4' ],
703 silly audit   'enhanced-resolve': [ '5.24.5' ],
703 silly audit   events: [ '3.3.0' ],
703 silly audit   'mime-db': [ '1.54.0' ],
703 silly audit   'minimizer-webpack-plugin': [ '5.8.0' ],
703 silly audit   'neo-async': [ '2.6.2' ],
703 silly audit   'schema-utils': [ '4.3.3' ],
703 silly audit   watchpack: [ '2.5.2' ],
703 silly audit   'webpack-sources': [ '3.5.1' ],
703 silly audit   '@webassemblyjs/helper-numbers': [ '1.13.2' ],
703 silly audit   '@webassemblyjs/helper-wasm-bytecode': [ '1.13.2' ],
703 silly audit   '@webassemblyjs/floating-point-hex-parser': [ '1.13.2' ],
703 silly audit   '@webassemblyjs/helper-api-error': [ '1.13.2' ],
703 silly audit   '@xtuc/long': [ '4.2.2' ],
703 silly audit   '@webassemblyjs/helper-buffer': [ '1.14.1' ],
703 silly audit   '@webassemblyjs/helper-wasm-section': [ '1.14.1' ],
703 silly audit   '@webassemblyjs/wasm-gen': [ '1.14.1' ],
703 silly audit   '@webassemblyjs/wasm-opt': [ '1.14.1' ],
703 silly audit   '@webassemblyjs/wast-printer': [ '1.14.1' ],
703 silly audit   '@webassemblyjs/ieee754': [ '1.13.2' ],
703 silly audit   '@webassemblyjs/leb128': [ '1.13.2' ],
703 silly audit   '@webassemblyjs/utf8': [ '1.13.2' ],
703 silly audit   '@xtuc/ieee754': [ '1.2.0' ],
703 silly audit   'jest-worker': [ '27.5.1' ],
703 silly audit   terser: [ '5.51.2' ],
703 silly audit   'merge-stream': [ '2.0.0' ],
703 silly audit   'ajv-formats': [ '2.1.1' ],
703 silly audit   'ajv-keywords': [ '5.1.0' ],
703 silly audit   '@jridgewell/source-map': [ '0.3.11' ],
703 silly audit   commander: [ '2.20.3' ],
703 silly audit   'source-map-support': [ '0.5.21' ],
703 silly audit   'buffer-from': [ '1.1.2' ],
703 silly audit   'source-map': [ '0.6.1' ],
703 silly audit   tr46: [ '0.0.3' ],
703 silly audit   'webidl-conversions': [ '3.0.1' ],
703 silly audit   'fast-uri': [ '3.1.6' ],
703 silly audit   'require-from-string': [ '2.0.2' ]
703 silly audit }
704 http cache source-map@https://registry.npmjs.org/source-map/-/source-map-0.6.1.tgz 0ms (cache hit)
705 http cache fast-uri@https://registry.npmjs.org/fast-uri/-/fast-uri-3.1.6.tgz 0ms (cache hit)
706 http cache require-from-string@https://registry.npmjs.org/require-from-string/-/require-from-string-2.0.2.tgz 0ms (cache hit)
707 http cache webidl-conversions@https://registry.npmjs.org/webidl-conversions/-/webidl-conversions-3.0.1.tgz 0ms (cache hit)
708 http cache tr46@https://registry.npmjs.org/tr46/-/tr46-0.0.3.tgz 0ms (cache hit)
709 http cache @jridgewell/source-map@https://registry.npmjs.org/@jridgewell/source-map/-/source-map-0.3.11.tgz 0ms (cache hit)
710 http cache buffer-from@https://registry.npmjs.org/buffer-from/-/buffer-from-1.1.2.tgz 0ms (cache hit)
711 http cache @xtuc/ieee754@https://registry.npmjs.org/@xtuc/ieee754/-/ieee754-1.2.0.tgz 0ms (cache hit)
712 http cache commander@https://registry.npmjs.org/commander/-/commander-2.20.3.tgz 0ms (cache hit)
713 http cache source-map-support@https://registry.npmjs.org/source-map-support/-/source-map-support-0.5.21.tgz 0ms (cache hit)
714 http cache @webassemblyjs/utf8@https://registry.npmjs.org/@webassemblyjs/utf8/-/utf8-1.13.2.tgz 0ms (cache hit)
715 http cache ajv-formats@https://registry.npmjs.org/ajv-formats/-/ajv-formats-2.1.1.tgz 0ms (cache hit)
716 http cache @webassemblyjs/leb128@https://registry.npmjs.org/@webassemblyjs/leb128/-/leb128-1.13.2.tgz 0ms (cache hit)
717 http cache jest-worker@https://registry.npmjs.org/jest-worker/-/jest-worker-27.5.1.tgz 0ms (cache hit)
718 http cache @webassemblyjs/ieee754@https://registry.npmjs.org/@webassemblyjs/ieee754/-/ieee754-1.13.2.tgz 0ms (cache hit)
719 http cache merge-stream@https://registry.npmjs.org/merge-stream/-/merge-stream-2.0.0.tgz 0ms (cache hit)
720 http cache @webassemblyjs/wasm-opt@https://registry.npmjs.org/@webassemblyjs/wasm-opt/-/wasm-opt-1.14.1.tgz 0ms (cache hit)
721 http cache @webassemblyjs/wasm-gen@https://registry.npmjs.org/@webassemblyjs/wasm-gen/-/wasm-gen-1.14.1.tgz 0ms (cache hit)
722 http cache @webassemblyjs/wast-printer@https://registry.npmjs.org/@webassemblyjs/wast-printer/-/wast-printer-1.14.1.tgz 0ms (cache hit)
723 http cache @xtuc/long@https://registry.npmjs.org/@xtuc/long/-/long-4.2.2.tgz 0ms (cache hit)
724 http cache terser@https://registry.npmjs.org/terser/-/terser-5.51.2.tgz 0ms (cache hit)
725 http cache @webassemblyjs/helper-wasm-section@https://registry.npmjs.org/@webassemblyjs/helper-wasm-section/-/helper-wasm-section-1.14.1.tgz 0ms (cache hit)
726 http cache @webassemblyjs/helper-buffer@https://registry.npmjs.org/@webassemblyjs/helper-buffer/-/helper-buffer-1.14.1.tgz 0ms (cache hit)
727 http cache @webassemblyjs/floating-point-hex-parser@https://registry.npmjs.org/@webassemblyjs/floating-point-hex-parser/-/floating-point-hex-parser-1.13.2.tgz 0ms (cache hit)
728 http cache webpack-sources@https://registry.npmjs.org/webpack-sources/-/webpack-sources-3.5.1.tgz 0ms (cache hit)
729 http cache @webassemblyjs/helper-numbers@https://registry.npmjs.org/@webassemblyjs/helper-numbers/-/helper-numbers-1.13.2.tgz 0ms (cache hit)
730 http cache @webassemblyjs/helper-api-error@https://registry.npmjs.org/@webassemblyjs/helper-api-error/-/helper-api-error-1.13.2.tgz 0ms (cache hit)
731 http cache @webassemblyjs/helper-wasm-bytecode@https://registry.npmjs.org/@webassemblyjs/helper-wasm-bytecode/-/helper-wasm-bytecode-1.13.2.tgz 0ms (cache hit)
732 http cache watchpack@https://registry.npmjs.org/watchpack/-/watchpack-2.5.2.tgz 0ms (cache hit)
733 http cache neo-async@https://registry.npmjs.org/neo-async/-/neo-async-2.6.2.tgz 0ms (cache hit)
734 http cache minimizer-webpack-plugin@https://registry.npmjs.org/minimizer-webpack-plugin/-/minimizer-webpack-plugin-5.8.0.tgz 0ms (cache hit)
735 http cache @webassemblyjs/wasm-parser@https://registry.npmjs.org/@webassemblyjs/wasm-parser/-/wasm-parser-1.14.1.tgz 0ms (cache hit)
736 http cache mime-db@https://registry.npmjs.org/mime-db/-/mime-db-1.54.0.tgz 0ms (cache hit)
737 http cache chrome-trace-event@https://registry.npmjs.org/chrome-trace-event/-/chrome-trace-event-1.0.4.tgz 0ms (cache hit)
738 http cache events@https://registry.npmjs.org/events/-/events-3.3.0.tgz 0ms (cache hit)
739 http cache @webassemblyjs/wasm-edit@https://registry.npmjs.org/@webassemblyjs/wasm-edit/-/wasm-edit-1.14.1.tgz 0ms (cache hit)
740 http cache @stablelib/base64@https://registry.npmjs.org/@stablelib/base64/-/base64-1.0.1.tgz 0ms (cache hit)
741 http cache schema-utils@https://registry.npmjs.org/schema-utils/-/schema-utils-4.3.3.tgz 0ms (cache hit)
742 http cache type-fest@https://registry.npmjs.org/type-fest/-/type-fest-0.7.1.tgz 0ms (cache hit)
743 http cache @webassemblyjs/ast@https://registry.npmjs.org/@webassemblyjs/ast/-/ast-1.14.1.tgz 0ms (cache hit)
744 http cache standardwebhooks@https://registry.npmjs.org/standardwebhooks/-/standardwebhooks-1.0.0.tgz 0ms (cache hit)
745 http cache postal-mime@https://registry.npmjs.org/postal-mime/-/postal-mime-2.7.5.tgz 0ms (cache hit)
746 http cache whatwg-url@https://registry.npmjs.org/whatwg-url/-/whatwg-url-5.0.0.tgz 0ms (cache hit)
747 http cache fast-sha256@https://registry.npmjs.org/fast-sha256/-/fast-sha256-1.3.0.tgz 0ms (cache hit)
748 http cache module-details-from-path@https://registry.npmjs.org/module-details-from-path/-/module-details-from-path-1.0.4.tgz 0ms (cache hit)
749 http cache agent-base@https://registry.npmjs.org/agent-base/-/agent-base-6.0.2.tgz 0ms (cache hit)
750 http cache minipass@https://registry.npmjs.org/minipass/-/minipass-7.1.3.tgz 0ms (cache hit)
751 http cache @sentry/replay@https://registry.npmjs.org/@sentry/replay/-/replay-10.72.0.tgz 0ms (cache hit)
752 http cache @sentry/replay-canvas@https://registry.npmjs.org/@sentry/replay-canvas/-/replay-canvas-10.72.0.tgz 0ms (cache hit)
753 http cache path-scurry@https://registry.npmjs.org/path-scurry/-/path-scurry-2.0.2.tgz 0ms (cache hit)
754 http cache @opentelemetry/api-logs@https://registry.npmjs.org/@opentelemetry/api-logs/-/api-logs-0.220.0.tgz 0ms (cache hit)
755 http cache @sentry/bundler-plugins@https://registry.npmjs.org/@sentry/bundler-plugins/-/bundler-plugins-10.72.0.tgz 0ms (cache hit)
756 http cache cjs-module-lexer@https://registry.npmjs.org/cjs-module-lexer/-/cjs-module-lexer-2.2.1.tgz 0ms (cache hit)
757 http cache @sentry/browser@https://registry.npmjs.org/@sentry/browser/-/browser-10.72.0.tgz 0ms (cache hit)
758 http cache @sentry/feedback@https://registry.npmjs.org/@sentry/feedback/-/feedback-10.72.0.tgz 0ms (cache hit)
759 http cache require-in-the-middle@https://registry.npmjs.org/require-in-the-middle/-/require-in-the-middle-8.0.1.tgz 0ms (cache hit)
760 http cache @sentry/node-core@https://registry.npmjs.org/@sentry/node-core/-/node-core-10.72.0.tgz 0ms (cache hit)
761 http cache @opentelemetry/instrumentation@https://registry.npmjs.org/@opentelemetry/instrumentation/-/instrumentation-0.220.0.tgz 0ms (cache hit)
762 http cache proxy-from-env@https://registry.npmjs.org/proxy-from-env/-/proxy-from-env-1.1.0.tgz 0ms (cache hit)
763 http cache import-in-the-middle@https://registry.npmjs.org/import-in-the-middle/-/import-in-the-middle-3.4.0.tgz 0ms (cache hit)
764 http cache node-fetch@https://registry.npmjs.org/node-fetch/-/node-fetch-2.7.0.tgz 0ms (cache hit)
765 http cache progress@https://registry.npmjs.org/progress/-/progress-2.0.3.tgz 0ms (cache hit)
766 http cache @sentry/cli-win32-x64@https://registry.npmjs.org/@sentry/cli-win32-x64/-/cli-win32-x64-2.58.6.tgz 0ms (cache hit)
767 http cache @sentry/cli@https://registry.npmjs.org/@sentry/cli/-/cli-2.58.6.tgz 0ms (cache hit)
768 http cache https-proxy-agent@https://registry.npmjs.org/https-proxy-agent/-/https-proxy-agent-5.0.1.tgz 0ms (cache hit)
769 http cache dotenv@https://registry.npmjs.org/dotenv/-/dotenv-16.6.1.tgz 0ms (cache hit)
770 http cache is-reference@https://registry.npmjs.org/is-reference/-/is-reference-1.2.1.tgz 0ms (cache hit)
771 http cache @rollup/pluginutils@https://registry.npmjs.org/@rollup/pluginutils/-/pluginutils-5.4.0.tgz 0ms (cache hit)
772 http cache glob@https://registry.npmjs.org/glob/-/glob-13.0.6.tgz 0ms (cache hit)
773 http cache @sentry/babel-plugin-component-annotate@https://registry.npmjs.org/@sentry/babel-plugin-component-annotate/-/babel-plugin-component-annotate-5.3.0.tgz 0ms (cache hit)
774 http cache webpack@https://registry.npmjs.org/webpack/-/webpack-5.110.2.tgz 0ms (cache hit)
775 http cache @opentelemetry/sdk-trace@https://registry.npmjs.org/@opentelemetry/sdk-trace/-/sdk-trace-2.10.0.tgz 0ms (cache hit)
776 http cache commondir@https://registry.npmjs.org/commondir/-/commondir-1.0.1.tgz 0ms (cache hit)
777 http cache @sentry/webpack-plugin@https://registry.npmjs.org/@sentry/webpack-plugin/-/webpack-plugin-5.4.0.tgz 0ms (cache hit)
778 http cache stacktrace-parser@https://registry.npmjs.org/stacktrace-parser/-/stacktrace-parser-0.1.11.tgz 0ms (cache hit)
779 http cache @opentelemetry/semantic-conventions@https://registry.npmjs.org/@opentelemetry/semantic-conventions/-/semantic-conventions-1.43.0.tgz 0ms (cache hit)
780 http cache @opentelemetry/core@https://registry.npmjs.org/@opentelemetry/core/-/core-2.10.0.tgz 0ms (cache hit)
781 http cache @sentry/server-utils@https://registry.npmjs.org/@sentry/server-utils/-/server-utils-10.72.0.tgz 0ms (cache hit)
782 http cache @opentelemetry/resources@https://registry.npmjs.org/@opentelemetry/resources/-/resources-2.10.0.tgz 0ms (cache hit)
783 http cache @sentry/vercel-edge@https://registry.npmjs.org/@sentry/vercel-edge/-/vercel-edge-10.72.0.tgz 0ms (cache hit)
784 http cache @sentry/react@https://registry.npmjs.org/@sentry/react/-/react-10.72.0.tgz 0ms (cache hit)
785 http cache @sentry/core@https://registry.npmjs.org/@sentry/core/-/core-10.72.0.tgz 0ms (cache hit)
786 http cache @sentry/node@https://registry.npmjs.org/@sentry/node/-/node-10.72.0.tgz 0ms (cache hit)
787 http cache @sentry/opentelemetry@https://registry.npmjs.org/@sentry/opentelemetry/-/opentelemetry-10.72.0.tgz 0ms (cache hit)
788 http cache @opentelemetry/sdk-trace-base@https://registry.npmjs.org/@opentelemetry/sdk-trace-base/-/sdk-trace-base-2.10.0.tgz 0ms (cache hit)
789 http cache @sentry/conventions@https://registry.npmjs.org/@sentry/conventions/-/conventions-0.16.0.tgz 0ms (cache hit)
790 http cache @sentry/bundler-plugin-core@https://registry.npmjs.org/@sentry/bundler-plugin-core/-/bundler-plugin-core-5.3.0.tgz 0ms (cache hit)
791 http cache @opentelemetry/api@https://registry.npmjs.org/@opentelemetry/api/-/api-1.9.1.tgz 0ms (cache hit)
792 http cache @rollup/plugin-commonjs@https://registry.npmjs.org/@rollup/plugin-commonjs/-/plugin-commonjs-28.0.1.tgz 0ms (cache hit)
793 http cache @sentry/browser-utils@https://registry.npmjs.org/@sentry/browser-utils/-/browser-utils-10.72.0.tgz 0ms (cache hit)
794 http cache @types/node@https://registry.npmjs.org/@types/node/-/node-20.19.39.tgz 0ms (cache hit)
795 http cache @sentry/nextjs@https://registry.npmjs.org/@sentry/nextjs/-/nextjs-10.72.0.tgz 0ms (cache hit)
796 http cache @types/react-dom@https://registry.npmjs.org/@types/react-dom/-/react-dom-19.2.3.tgz 0ms (cache hit)
797 http cache @tailwindcss/postcss@https://registry.npmjs.org/@tailwindcss/postcss/-/postcss-4.2.4.tgz 0ms (cache hit)
798 http cache @types/react@https://registry.npmjs.org/@types/react/-/react-19.2.14.tgz 0ms (cache hit)
799 http cache qs@https://registry.npmjs.org/qs/-/qs-6.15.3.tgz 0ms (cache hit)
800 http cache resend@https://registry.npmjs.org/resend/-/resend-6.25.0.tgz 0ms (cache hit)
801 http cache tsx@https://registry.npmjs.org/tsx/-/tsx-4.22.4.tgz 0ms (cache hit)
802 http cache @supabase/supabase-js@https://registry.npmjs.org/@supabase/supabase-js/-/supabase-js-2.105.1.tgz 0ms (cache hit)
803 http cache vitest@https://registry.npmjs.org/vitest/-/vitest-3.2.7.tgz 0ms (cache hit)
804 http cache tailwindcss@https://registry.npmjs.org/tailwindcss/-/tailwindcss-4.2.4.tgz 0ms (cache hit)
805 http cache typescript@https://registry.npmjs.org/typescript/-/typescript-5.9.3.tgz 0ms (cache hit)
806 http cache @supabase/ssr@https://registry.npmjs.org/@supabase/ssr/-/ssr-0.10.2.tgz 0ms (cache hit)
807 http cache react@https://registry.npmjs.org/react/-/react-19.2.4.tgz 0ms (cache hit)
808 http cache stripe@https://registry.npmjs.org/stripe/-/stripe-18.5.0.tgz 0ms (cache hit)
809 http cache supabase@https://registry.npmjs.org/supabase/-/supabase-2.110.0.tgz 0ms (cache hit)
810 http cache eslint-config-next@https://registry.npmjs.org/eslint-config-next/-/eslint-config-next-16.2.4.tgz 0ms (cache hit)
811 http cache framer-motion@https://registry.npmjs.org/framer-motion/-/framer-motion-12.42.2.tgz 0ms (cache hit)
812 http cache react-dom@https://registry.npmjs.org/react-dom/-/react-dom-19.2.4.tgz 0ms (cache hit)
813 http cache side-channel@https://registry.npmjs.org/side-channel/-/side-channel-1.1.1.tgz 0ms (cache hit)
814 http cache babel-plugin-react-compiler@https://registry.npmjs.org/babel-plugin-react-compiler/-/babel-plugin-react-compiler-1.0.0.tgz 0ms (cache hit)
815 http cache eslint@https://registry.npmjs.org/eslint/-/eslint-9.39.4.tgz 0ms (cache hit)
816 http cache next@https://registry.npmjs.org/next/-/next-16.2.4.tgz 0ms (cache hit)
817 http cache enhanced-resolve@https://registry.npmjs.org/enhanced-resolve/-/enhanced-resolve-5.24.5.tgz 0ms (cache hit)
818 http cache ajv-keywords@https://registry.npmjs.org/ajv-keywords/-/ajv-keywords-5.1.0.tgz 0ms (cache hit)
819 http cache json-schema-traverse@https://registry.npmjs.org/json-schema-traverse/-/json-schema-traverse-1.0.0.tgz 0ms (cache hit)
820 http cache ajv@https://registry.npmjs.org/ajv/-/ajv-8.20.0.tgz 0ms (cache hit)
821 http cache json-schema-traverse@https://registry.npmjs.org/json-schema-traverse/-/json-schema-traverse-1.0.0.tgz 0ms (cache hit)
822 http cache supports-color@https://registry.npmjs.org/supports-color/-/supports-color-8.1.1.tgz 0ms (cache hit)
823 http cache lru-cache@https://registry.npmjs.org/lru-cache/-/lru-cache-11.5.2.tgz 0ms (cache hit)
824 http cache dotenv@https://registry.npmjs.org/dotenv/-/dotenv-17.4.2.tgz 0ms (cache hit)
825 http cache ajv@https://registry.npmjs.org/ajv/-/ajv-8.20.0.tgz 0ms (cache hit)
826 http cache estree-walker@https://registry.npmjs.org/estree-walker/-/estree-walker-2.0.2.tgz 0ms (cache hit)
827 http cache balanced-match@https://registry.npmjs.org/balanced-match/-/balanced-match-4.0.4.tgz 0ms (cache hit)
828 http cache es-module-lexer@https://registry.npmjs.org/es-module-lexer/-/es-module-lexer-2.3.2.tgz 0ms (cache hit)
829 http cache es-module-lexer@https://registry.npmjs.org/es-module-lexer/-/es-module-lexer-2.3.2.tgz 0ms (cache hit)
830 http cache minimatch@https://registry.npmjs.org/minimatch/-/minimatch-10.2.6.tgz 0ms (cache hit)
831 http cache picomatch@https://registry.npmjs.org/picomatch/-/picomatch-4.0.7.tgz 0ms (cache hit)
832 http cache brace-expansion@https://registry.npmjs.org/brace-expansion/-/brace-expansion-5.0.9.tgz 0ms (cache hit)
833 http cache fdir@https://registry.npmjs.org/fdir/-/fdir-6.5.0.tgz 0ms (cache hit)
834 http cache postcss@https://registry.npmjs.org/postcss/-/postcss-8.4.31.tgz 0ms (cache hit)
835 http cache picomatch@https://registry.npmjs.org/picomatch/-/picomatch-4.0.5.tgz 0ms (cache hit)
836 http cache picomatch@https://registry.npmjs.org/picomatch/-/picomatch-4.0.7.tgz 0ms (cache hit)
837 silly tarball no local data for source-map@https://registry.npmjs.org/source-map/-/source-map-0.6.1.tgz. Extracting by manifest.
838 silly tarball no local data for fast-uri@https://registry.npmjs.org/fast-uri/-/fast-uri-3.1.6.tgz. Extracting by manifest.
839 silly tarball no local data for require-from-string@https://registry.npmjs.org/require-from-string/-/require-from-string-2.0.2.tgz. Extracting by manifest.
840 http cache estree-walker@https://registry.npmjs.org/estree-walker/-/estree-walker-2.0.2.tgz 0ms (cache hit)
841 silly tarball no local data for webidl-conversions@https://registry.npmjs.org/webidl-conversions/-/webidl-conversions-3.0.1.tgz. Extracting by manifest.
842 http cache globals@https://registry.npmjs.org/globals/-/globals-16.4.0.tgz 0ms (cache hit)
843 silly tarball no local data for tr46@https://registry.npmjs.org/tr46/-/tr46-0.0.3.tgz. Extracting by manifest.
844 silly tarball no local data for @jridgewell/source-map@https://registry.npmjs.org/@jridgewell/source-map/-/source-map-0.3.11.tgz. Extracting by manifest.
845 silly tarball no local data for buffer-from@https://registry.npmjs.org/buffer-from/-/buffer-from-1.1.2.tgz. Extracting by manifest.
846 silly tarball no local data for @xtuc/ieee754@https://registry.npmjs.org/@xtuc/ieee754/-/ieee754-1.2.0.tgz. Extracting by manifest.
847 silly tarball no local data for commander@https://registry.npmjs.org/commander/-/commander-2.20.3.tgz. Extracting by manifest.
848 silly tarball no local data for source-map-support@https://registry.npmjs.org/source-map-support/-/source-map-support-0.5.21.tgz. Extracting by manifest.
849 silly tarball no local data for @webassemblyjs/utf8@https://registry.npmjs.org/@webassemblyjs/utf8/-/utf8-1.13.2.tgz. Extracting by manifest.
850 silly tarball no local data for ajv-formats@https://registry.npmjs.org/ajv-formats/-/ajv-formats-2.1.1.tgz. Extracting by manifest.
851 silly tarball no local data for @webassemblyjs/leb128@https://registry.npmjs.org/@webassemblyjs/leb128/-/leb128-1.13.2.tgz. Extracting by manifest.
852 silly tarball no local data for jest-worker@https://registry.npmjs.org/jest-worker/-/jest-worker-27.5.1.tgz. Extracting by manifest.
853 silly tarball no local data for @webassemblyjs/ieee754@https://registry.npmjs.org/@webassemblyjs/ieee754/-/ieee754-1.13.2.tgz. Extracting by manifest.
854 silly tarball no local data for merge-stream@https://registry.npmjs.org/merge-stream/-/merge-stream-2.0.0.tgz. Extracting by manifest.
855 silly tarball no local data for @webassemblyjs/wasm-opt@https://registry.npmjs.org/@webassemblyjs/wasm-opt/-/wasm-opt-1.14.1.tgz. Extracting by manifest.
856 silly tarball no local data for @webassemblyjs/wasm-gen@https://registry.npmjs.org/@webassemblyjs/wasm-gen/-/wasm-gen-1.14.1.tgz. Extracting by manifest.
857 silly tarball no local data for @webassemblyjs/wast-printer@https://registry.npmjs.org/@webassemblyjs/wast-printer/-/wast-printer-1.14.1.tgz. Extracting by manifest.
858 silly tarball no local data for @xtuc/long@https://registry.npmjs.org/@xtuc/long/-/long-4.2.2.tgz. Extracting by manifest.
859 silly tarball no local data for terser@https://registry.npmjs.org/terser/-/terser-5.51.2.tgz. Extracting by manifest.
860 silly tarball no local data for @webassemblyjs/helper-wasm-section@https://registry.npmjs.org/@webassemblyjs/helper-wasm-section/-/helper-wasm-section-1.14.1.tgz. Extracting by manifest.
861 silly tarball no local data for @webassemblyjs/helper-buffer@https://registry.npmjs.org/@webassemblyjs/helper-buffer/-/helper-buffer-1.14.1.tgz. Extracting by manifest.
862 silly tarball no local data for @webassemblyjs/floating-point-hex-parser@https://registry.npmjs.org/@webassemblyjs/floating-point-hex-parser/-/floating-point-hex-parser-1.13.2.tgz. Extracting by manifest.
863 silly tarball no local data for webpack-sources@https://registry.npmjs.org/webpack-sources/-/webpack-sources-3.5.1.tgz. Extracting by manifest.
864 silly tarball no local data for @webassemblyjs/helper-numbers@https://registry.npmjs.org/@webassemblyjs/helper-numbers/-/helper-numbers-1.13.2.tgz. Extracting by manifest.
865 silly tarball no local data for @webassemblyjs/helper-api-error@https://registry.npmjs.org/@webassemblyjs/helper-api-error/-/helper-api-error-1.13.2.tgz. Extracting by manifest.
866 silly tarball no local data for @webassemblyjs/helper-wasm-bytecode@https://registry.npmjs.org/@webassemblyjs/helper-wasm-bytecode/-/helper-wasm-bytecode-1.13.2.tgz. Extracting by manifest.
867 silly tarball no local data for watchpack@https://registry.npmjs.org/watchpack/-/watchpack-2.5.2.tgz. Extracting by manifest.
868 silly tarball no local data for neo-async@https://registry.npmjs.org/neo-async/-/neo-async-2.6.2.tgz. Extracting by manifest.
869 silly tarball no local data for minimizer-webpack-plugin@https://registry.npmjs.org/minimizer-webpack-plugin/-/minimizer-webpack-plugin-5.8.0.tgz. Extracting by manifest.
870 silly tarball no local data for @webassemblyjs/wasm-parser@https://registry.npmjs.org/@webassemblyjs/wasm-parser/-/wasm-parser-1.14.1.tgz. Extracting by manifest.
871 silly tarball no local data for mime-db@https://registry.npmjs.org/mime-db/-/mime-db-1.54.0.tgz. Extracting by manifest.
872 silly tarball no local data for chrome-trace-event@https://registry.npmjs.org/chrome-trace-event/-/chrome-trace-event-1.0.4.tgz. Extracting by manifest.
873 silly tarball no local data for events@https://registry.npmjs.org/events/-/events-3.3.0.tgz. Extracting by manifest.
874 silly tarball no local data for @webassemblyjs/wasm-edit@https://registry.npmjs.org/@webassemblyjs/wasm-edit/-/wasm-edit-1.14.1.tgz. Extracting by manifest.
875 silly tarball no local data for @stablelib/base64@https://registry.npmjs.org/@stablelib/base64/-/base64-1.0.1.tgz. Extracting by manifest.
876 silly tarball no local data for schema-utils@https://registry.npmjs.org/schema-utils/-/schema-utils-4.3.3.tgz. Extracting by manifest.
877 silly tarball no local data for type-fest@https://registry.npmjs.org/type-fest/-/type-fest-0.7.1.tgz. Extracting by manifest.
878 silly tarball no local data for @webassemblyjs/ast@https://registry.npmjs.org/@webassemblyjs/ast/-/ast-1.14.1.tgz. Extracting by manifest.
879 silly tarball no local data for standardwebhooks@https://registry.npmjs.org/standardwebhooks/-/standardwebhooks-1.0.0.tgz. Extracting by manifest.
880 silly tarball no local data for postal-mime@https://registry.npmjs.org/postal-mime/-/postal-mime-2.7.5.tgz. Extracting by manifest.
881 silly tarball no local data for whatwg-url@https://registry.npmjs.org/whatwg-url/-/whatwg-url-5.0.0.tgz. Extracting by manifest.
882 silly tarball no local data for fast-sha256@https://registry.npmjs.org/fast-sha256/-/fast-sha256-1.3.0.tgz. Extracting by manifest.
883 silly tarball no local data for module-details-from-path@https://registry.npmjs.org/module-details-from-path/-/module-details-from-path-1.0.4.tgz. Extracting by manifest.
884 silly tarball no local data for agent-base@https://registry.npmjs.org/agent-base/-/agent-base-6.0.2.tgz. Extracting by manifest.
885 silly tarball no local data for minipass@https://registry.npmjs.org/minipass/-/minipass-7.1.3.tgz. Extracting by manifest.
886 silly tarball no local data for @sentry/replay@https://registry.npmjs.org/@sentry/replay/-/replay-10.72.0.tgz. Extracting by manifest.
887 silly tarball no local data for @sentry/replay-canvas@https://registry.npmjs.org/@sentry/replay-canvas/-/replay-canvas-10.72.0.tgz. Extracting by manifest.
888 silly tarball no local data for path-scurry@https://registry.npmjs.org/path-scurry/-/path-scurry-2.0.2.tgz. Extracting by manifest.
889 silly tarball no local data for @opentelemetry/api-logs@https://registry.npmjs.org/@opentelemetry/api-logs/-/api-logs-0.220.0.tgz. Extracting by manifest.
890 silly tarball no local data for @sentry/bundler-plugins@https://registry.npmjs.org/@sentry/bundler-plugins/-/bundler-plugins-10.72.0.tgz. Extracting by manifest.
891 silly tarball no local data for cjs-module-lexer@https://registry.npmjs.org/cjs-module-lexer/-/cjs-module-lexer-2.2.1.tgz. Extracting by manifest.
892 silly tarball no local data for @sentry/browser@https://registry.npmjs.org/@sentry/browser/-/browser-10.72.0.tgz. Extracting by manifest.
893 silly tarball no local data for @sentry/feedback@https://registry.npmjs.org/@sentry/feedback/-/feedback-10.72.0.tgz. Extracting by manifest.
894 silly tarball no local data for require-in-the-middle@https://registry.npmjs.org/require-in-the-middle/-/require-in-the-middle-8.0.1.tgz. Extracting by manifest.
895 silly tarball no local data for @sentry/node-core@https://registry.npmjs.org/@sentry/node-core/-/node-core-10.72.0.tgz. Extracting by manifest.
896 silly tarball no local data for @opentelemetry/instrumentation@https://registry.npmjs.org/@opentelemetry/instrumentation/-/instrumentation-0.220.0.tgz. Extracting by manifest.
897 silly tarball no local data for proxy-from-env@https://registry.npmjs.org/proxy-from-env/-/proxy-from-env-1.1.0.tgz. Extracting by manifest.
898 silly tarball no local data for import-in-the-middle@https://registry.npmjs.org/import-in-the-middle/-/import-in-the-middle-3.4.0.tgz. Extracting by manifest.
899 silly tarball no local data for node-fetch@https://registry.npmjs.org/node-fetch/-/node-fetch-2.7.0.tgz. Extracting by manifest.
900 silly tarball no local data for progress@https://registry.npmjs.org/progress/-/progress-2.0.3.tgz. Extracting by manifest.
901 silly tarball no local data for @sentry/cli-win32-x64@https://registry.npmjs.org/@sentry/cli-win32-x64/-/cli-win32-x64-2.58.6.tgz. Extracting by manifest.
902 silly tarball no local data for @sentry/cli@https://registry.npmjs.org/@sentry/cli/-/cli-2.58.6.tgz. Extracting by manifest.
903 silly tarball no local data for https-proxy-agent@https://registry.npmjs.org/https-proxy-agent/-/https-proxy-agent-5.0.1.tgz. Extracting by manifest.
904 silly tarball no local data for dotenv@https://registry.npmjs.org/dotenv/-/dotenv-16.6.1.tgz. Extracting by manifest.
905 silly tarball no local data for is-reference@https://registry.npmjs.org/is-reference/-/is-reference-1.2.1.tgz. Extracting by manifest.
906 silly tarball no local data for @rollup/pluginutils@https://registry.npmjs.org/@rollup/pluginutils/-/pluginutils-5.4.0.tgz. Extracting by manifest.
907 silly tarball no local data for glob@https://registry.npmjs.org/glob/-/glob-13.0.6.tgz. Extracting by manifest.
908 silly tarball no local data for @sentry/babel-plugin-component-annotate@https://registry.npmjs.org/@sentry/babel-plugin-component-annotate/-/babel-plugin-component-annotate-5.3.0.tgz. Extracting by manifest.
909 silly tarball no local data for webpack@https://registry.npmjs.org/webpack/-/webpack-5.110.2.tgz. Extracting by manifest.
910 silly tarball no local data for @opentelemetry/sdk-trace@https://registry.npmjs.org/@opentelemetry/sdk-trace/-/sdk-trace-2.10.0.tgz. Extracting by manifest.
911 silly tarball no local data for commondir@https://registry.npmjs.org/commondir/-/commondir-1.0.1.tgz. Extracting by manifest.
912 silly tarball no local data for @sentry/webpack-plugin@https://registry.npmjs.org/@sentry/webpack-plugin/-/webpack-plugin-5.4.0.tgz. Extracting by manifest.
913 silly tarball no local data for stacktrace-parser@https://registry.npmjs.org/stacktrace-parser/-/stacktrace-parser-0.1.11.tgz. Extracting by manifest.
914 silly tarball no local data for @opentelemetry/semantic-conventions@https://registry.npmjs.org/@opentelemetry/semantic-conventions/-/semantic-conventions-1.43.0.tgz. Extracting by manifest.
915 silly tarball no local data for @opentelemetry/core@https://registry.npmjs.org/@opentelemetry/core/-/core-2.10.0.tgz. Extracting by manifest.
916 silly tarball no local data for @sentry/server-utils@https://registry.npmjs.org/@sentry/server-utils/-/server-utils-10.72.0.tgz. Extracting by manifest.
917 silly tarball no local data for @opentelemetry/resources@https://registry.npmjs.org/@opentelemetry/resources/-/resources-2.10.0.tgz. Extracting by manifest.
918 silly tarball no local data for @sentry/vercel-edge@https://registry.npmjs.org/@sentry/vercel-edge/-/vercel-edge-10.72.0.tgz. Extracting by manifest.
919 silly tarball no local data for @sentry/react@https://registry.npmjs.org/@sentry/react/-/react-10.72.0.tgz. Extracting by manifest.
920 silly tarball no local data for @sentry/core@https://registry.npmjs.org/@sentry/core/-/core-10.72.0.tgz. Extracting by manifest.
921 silly tarball no local data for @sentry/node@https://registry.npmjs.org/@sentry/node/-/node-10.72.0.tgz. Extracting by manifest.
922 silly tarball no local data for @sentry/opentelemetry@https://registry.npmjs.org/@sentry/opentelemetry/-/opentelemetry-10.72.0.tgz. Extracting by manifest.
923 silly tarball no local data for @opentelemetry/sdk-trace-base@https://registry.npmjs.org/@opentelemetry/sdk-trace-base/-/sdk-trace-base-2.10.0.tgz. Extracting by manifest.
924 silly tarball no local data for @sentry/conventions@https://registry.npmjs.org/@sentry/conventions/-/conventions-0.16.0.tgz. Extracting by manifest.
925 silly tarball no local data for @sentry/bundler-plugin-core@https://registry.npmjs.org/@sentry/bundler-plugin-core/-/bundler-plugin-core-5.3.0.tgz. Extracting by manifest.
926 silly tarball no local data for @opentelemetry/api@https://registry.npmjs.org/@opentelemetry/api/-/api-1.9.1.tgz. Extracting by manifest.
927 silly tarball no local data for @rollup/plugin-commonjs@https://registry.npmjs.org/@rollup/plugin-commonjs/-/plugin-commonjs-28.0.1.tgz. Extracting by manifest.
928 silly tarball no local data for @sentry/browser-utils@https://registry.npmjs.org/@sentry/browser-utils/-/browser-utils-10.72.0.tgz. Extracting by manifest.
929 silly tarball no local data for @types/node@https://registry.npmjs.org/@types/node/-/node-20.19.39.tgz. Extracting by manifest.
930 silly tarball no local data for @sentry/nextjs@https://registry.npmjs.org/@sentry/nextjs/-/nextjs-10.72.0.tgz. Extracting by manifest.
931 silly tarball no local data for @types/react-dom@https://registry.npmjs.org/@types/react-dom/-/react-dom-19.2.3.tgz. Extracting by manifest.
932 silly tarball no local data for @tailwindcss/postcss@https://registry.npmjs.org/@tailwindcss/postcss/-/postcss-4.2.4.tgz. Extracting by manifest.
933 silly tarball no local data for @types/react@https://registry.npmjs.org/@types/react/-/react-19.2.14.tgz. Extracting by manifest.
934 silly tarball no local data for qs@https://registry.npmjs.org/qs/-/qs-6.15.3.tgz. Extracting by manifest.
935 silly tarball no local data for resend@https://registry.npmjs.org/resend/-/resend-6.25.0.tgz. Extracting by manifest.
936 silly tarball no local data for tsx@https://registry.npmjs.org/tsx/-/tsx-4.22.4.tgz. Extracting by manifest.
937 silly tarball no local data for @supabase/supabase-js@https://registry.npmjs.org/@supabase/supabase-js/-/supabase-js-2.105.1.tgz. Extracting by manifest.
938 silly tarball no local data for vitest@https://registry.npmjs.org/vitest/-/vitest-3.2.7.tgz. Extracting by manifest.
939 silly tarball no local data for tailwindcss@https://registry.npmjs.org/tailwindcss/-/tailwindcss-4.2.4.tgz. Extracting by manifest.
940 silly tarball no local data for typescript@https://registry.npmjs.org/typescript/-/typescript-5.9.3.tgz. Extracting by manifest.
941 silly tarball no local data for @supabase/ssr@https://registry.npmjs.org/@supabase/ssr/-/ssr-0.10.2.tgz. Extracting by manifest.
942 silly tarball no local data for react@https://registry.npmjs.org/react/-/react-19.2.4.tgz. Extracting by manifest.
943 silly tarball no local data for stripe@https://registry.npmjs.org/stripe/-/stripe-18.5.0.tgz. Extracting by manifest.
944 silly tarball no local data for supabase@https://registry.npmjs.org/supabase/-/supabase-2.110.0.tgz. Extracting by manifest.
945 silly tarball no local data for eslint-config-next@https://registry.npmjs.org/eslint-config-next/-/eslint-config-next-16.2.4.tgz. Extracting by manifest.
946 silly tarball no local data for framer-motion@https://registry.npmjs.org/framer-motion/-/framer-motion-12.42.2.tgz. Extracting by manifest.
947 silly tarball no local data for react-dom@https://registry.npmjs.org/react-dom/-/react-dom-19.2.4.tgz. Extracting by manifest.
948 silly tarball no local data for side-channel@https://registry.npmjs.org/side-channel/-/side-channel-1.1.1.tgz. Extracting by manifest.
949 silly tarball no local data for babel-plugin-react-compiler@https://registry.npmjs.org/babel-plugin-react-compiler/-/babel-plugin-react-compiler-1.0.0.tgz. Extracting by manifest.
950 silly tarball no local data for eslint@https://registry.npmjs.org/eslint/-/eslint-9.39.4.tgz. Extracting by manifest.
951 silly tarball no local data for next@https://registry.npmjs.org/next/-/next-16.2.4.tgz. Extracting by manifest.
952 silly tarball no local data for enhanced-resolve@https://registry.npmjs.org/enhanced-resolve/-/enhanced-resolve-5.24.5.tgz. Extracting by manifest.
953 silly tarball no local data for ajv-keywords@https://registry.npmjs.org/ajv-keywords/-/ajv-keywords-5.1.0.tgz. Extracting by manifest.
954 silly tarball no local data for json-schema-traverse@https://registry.npmjs.org/json-schema-traverse/-/json-schema-traverse-1.0.0.tgz. Extracting by manifest.
955 silly tarball no local data for ajv@https://registry.npmjs.org/ajv/-/ajv-8.20.0.tgz. Extracting by manifest.
956 silly tarball no local data for json-schema-traverse@https://registry.npmjs.org/json-schema-traverse/-/json-schema-traverse-1.0.0.tgz. Extracting by manifest.
957 silly tarball no local data for supports-color@https://registry.npmjs.org/supports-color/-/supports-color-8.1.1.tgz. Extracting by manifest.
958 silly tarball no local data for lru-cache@https://registry.npmjs.org/lru-cache/-/lru-cache-11.5.2.tgz. Extracting by manifest.
959 silly tarball no local data for dotenv@https://registry.npmjs.org/dotenv/-/dotenv-17.4.2.tgz. Extracting by manifest.
960 silly tarball no local data for ajv@https://registry.npmjs.org/ajv/-/ajv-8.20.0.tgz. Extracting by manifest.
961 silly tarball no local data for estree-walker@https://registry.npmjs.org/estree-walker/-/estree-walker-2.0.2.tgz. Extracting by manifest.
962 silly tarball no local data for balanced-match@https://registry.npmjs.org/balanced-match/-/balanced-match-4.0.4.tgz. Extracting by manifest.
963 silly tarball no local data for es-module-lexer@https://registry.npmjs.org/es-module-lexer/-/es-module-lexer-2.3.2.tgz. Extracting by manifest.
964 silly tarball no local data for es-module-lexer@https://registry.npmjs.org/es-module-lexer/-/es-module-lexer-2.3.2.tgz. Extracting by manifest.
965 silly tarball no local data for minimatch@https://registry.npmjs.org/minimatch/-/minimatch-10.2.6.tgz. Extracting by manifest.
966 silly tarball no local data for picomatch@https://registry.npmjs.org/picomatch/-/picomatch-4.0.7.tgz. Extracting by manifest.
967 silly tarball no local data for brace-expansion@https://registry.npmjs.org/brace-expansion/-/brace-expansion-5.0.9.tgz. Extracting by manifest.
968 silly tarball no local data for fdir@https://registry.npmjs.org/fdir/-/fdir-6.5.0.tgz. Extracting by manifest.
969 silly tarball no local data for postcss@https://registry.npmjs.org/postcss/-/postcss-8.4.31.tgz. Extracting by manifest.
970 silly tarball no local data for picomatch@https://registry.npmjs.org/picomatch/-/picomatch-4.0.5.tgz. Extracting by manifest.
971 silly tarball no local data for picomatch@https://registry.npmjs.org/picomatch/-/picomatch-4.0.7.tgz. Extracting by manifest.
972 silly tarball no local data for estree-walker@https://registry.npmjs.org/estree-walker/-/estree-walker-2.0.2.tgz. Extracting by manifest.
973 silly tarball no local data for globals@https://registry.npmjs.org/globals/-/globals-16.4.0.tgz. Extracting by manifest.
974 http fetch GET 200 https://registry.npmjs.org/require-from-string/-/require-from-string-2.0.2.tgz 84ms (cache miss)
975 http fetch GET 200 https://registry.npmjs.org/webidl-conversions/-/webidl-conversions-3.0.1.tgz 85ms (cache miss)
976 http fetch GET 200 https://registry.npmjs.org/commander/-/commander-2.20.3.tgz 104ms (cache miss)
977 http fetch GET 200 https://registry.npmjs.org/source-map-support/-/source-map-support-0.5.21.tgz 105ms (cache miss)
978 http fetch GET 200 https://registry.npmjs.org/buffer-from/-/buffer-from-1.1.2.tgz 106ms (cache miss)
979 http fetch GET 200 https://registry.npmjs.org/tr46/-/tr46-0.0.3.tgz 113ms (cache miss)
980 http fetch GET 200 https://registry.npmjs.org/@xtuc/ieee754/-/ieee754-1.2.0.tgz 123ms (cache miss)
981 http fetch GET 200 https://registry.npmjs.org/merge-stream/-/merge-stream-2.0.0.tgz 124ms (cache miss)
982 http fetch GET 200 https://registry.npmjs.org/@webassemblyjs/leb128/-/leb128-1.13.2.tgz 134ms (cache miss)
983 http fetch POST 200 https://registry.npmjs.org/-/npm/v1/security/advisories/bulk 179ms
984 silly audit report {
984 silly audit report   '@babel/core': [
984 silly audit report     {
984 silly audit report       id: 1123528,
984 silly audit report       url: 'https://github.com/advisories/GHSA-4x5r-pxfx-6jf8',
984 silly audit report       title: '@babel/core: Arbitrary File Read via sourceMappingURL Comment',
984 silly audit report       severity: 'low',
984 silly audit report       vulnerable_versions: '<=7.29.0',
984 silly audit report       cwe: [Array],
984 silly audit report       cvss: [Object]
984 silly audit report     }
984 silly audit report   ],
984 silly audit report   'brace-expansion': [
984 silly audit report     {
984 silly audit report       id: 1120311,
984 silly audit report       url: 'https://github.com/advisories/GHSA-jxxr-4gwj-5jf2',
984 silly audit report       title: 'brace-expansion: Large numeric range defeats documented `max` DoS protection',
984 silly audit report       severity: 'moderate',
984 silly audit report       vulnerable_versions: '>=5.0.0 <5.0.6',
984 silly audit report       cwe: [Array],
984 silly audit report       cvss: [Object]
984 silly audit report     },
984 silly audit report     {
984 silly audit report       id: 1130588,
984 silly audit report       url: 'https://github.com/advisories/GHSA-mh99-v99m-4gvg',
984 silly audit report       title: 'brace-expansion: DoS via unbounded expansion length causing an out-of-memory process crash',
984 silly audit report       severity: 'high',
984 silly audit report       vulnerable_versions: '<1.1.17',
984 silly audit report       cwe: [Array],
984 silly audit report       cvss: [Object]
984 silly audit report     },
984 silly audit report     {
984 silly audit report       id: 1130591,
984 silly audit report       url: 'https://github.com/advisories/GHSA-mh99-v99m-4gvg',
984 silly audit report       title: 'brace-expansion: DoS via unbounded expansion length causing an out-of-memory process crash',
984 silly audit report       severity: 'high',
984 silly audit report       vulnerable_versions: '>=4.0.0 <5.0.8',
984 silly audit report       cwe: [Array],
984 silly audit report       cvss: [Object]
984 silly audit report     },
984 silly audit report     {
984 silly audit report       id: 1130734,
984 silly audit report       url: 'https://github.com/advisories/GHSA-rgw5-rvv9-x895',
984 silly audit report       title: 'brace-expansion: DoS via unbounded intermediate arrays, bypassing the CVE-2026-14257 mitigation',
984 silly audit report       severity: 'high',
984 silly audit report       vulnerable_versions: '>=4.0.0 <5.0.9',
984 silly audit report       cwe: [Array],
984 silly audit report       cvss: [Object]
984 silly audit report     },
984 silly audit report     {
984 silly audit report       id: 1130737,
984 silly audit report       url: 'https://github.com/advisories/GHSA-rgw5-rvv9-x895',
984 silly audit report       title: 'brace-expansion: DoS via unbounded intermediate arrays, bypassing the CVE-2026-14257 mitigation',
984 silly audit report       severity: 'high',
984 silly audit report       vulnerable_versions: '<1.1.18',
984 silly audit report       cwe: [Array],
984 silly audit report       cvss: [Object]
984 silly audit report     },
984 silly audit report     {
984 silly audit report       id: 1123897,
984 silly audit report       url: 'https://github.com/advisories/GHSA-3jxr-9vmj-r5cp',
984 silly audit report       title: 'brace-expansion: DoS via exponential-time expansion of consecutive non-expanding {} groups',
984 silly audit report       severity: 'high',
984 silly audit report       vulnerable_versions: '<1.1.16',
984 silly audit report       cwe: [Array],
984 silly audit report       cvss: [Object]
984 silly audit report     },
984 silly audit report     {
984 silly audit report       id: 1123898,
984 silly audit report       url: 'https://github.com/advisories/GHSA-3jxr-9vmj-r5cp',
984 silly audit report       title: 'brace-expansion: DoS via exponential-time expansion of consecutive non-expanding {} groups',
984 silly audit report       severity: 'high',
984 silly audit report       vulnerable_versions: '>=3.0.0 <5.0.7',
984 silly audit report       cwe: [Array],
984 silly audit report       cvss: [Object]
984 silly audit report     }
984 silly audit report   ],
984 silly audit report   'js-yaml': [
984 silly audit report     {
984 silly audit report       id: 1121860,
984 silly audit report       url: 'https://github.com/advisories/GHSA-h67p-54hq-rp68',
984 silly audit report       title: 'JS-YAML: Quadratic-complexity DoS in merge key handling via repeated aliases',
984 silly audit report       severity: 'moderate',
984 silly audit report       vulnerable_versions: '>=4.0.0 <=4.1.1',
984 silly audit report       cwe: [Array],
984 silly audit report       cvss: [Object]
984 silly audit report     },
984 silly audit report     {
984 silly audit report       id: 1123911,
984 silly audit report       url: 'https://github.com/advisories/GHSA-52cp-r559-cp3m',
984 silly audit report       title: 'js-yaml: YAML merge-key chains can force quadratic CPU consumption',
984 silly audit report       severity: 'high',
984 silly audit report       vulnerable_versions: '>=4.0.0 <4.3.0',
984 silly audit report       cwe: [Array],
984 silly audit report       cvss: [Object]
984 silly audit report     },
984 silly audit report     {
984 silly audit report       id: 1138115,
984 silly audit report       url: 'https://github.com/advisories/GHSA-5p4m-2wfm-xmqj',
984 silly audit report       title: 'JS-YAML: Quadratic CPU consumption in !!omap resolution (3.x and 4.x) — CVE-2026-59870 fix not backported',
984 silly audit report       severity: 'high',
984 silly audit report       vulnerable_versions: '>=4.0.0 <4.3.1',
984 silly audit report       cwe: [Array],
984 silly audit report       cvss: [Object]
984 silly audit report     }
984 silly audit report   ],
984 silly audit report   nanoid: [
984 silly audit report     {
984 silly audit report       id: 1138811,
984 silly audit report       url: 'https://github.com/advisories/GHSA-28wg-ghj8-5hjv',
984 silly audit report       title: 'nanoid: non-secure generators can loop indefinitely with negative size',
984 silly audit report       severity: 'high',
984 silly audit report       vulnerable_versions: '<3.3.16',
984 silly audit report       cwe: [Array],
984 silly audit report       cvss: [Object]
984 silly audit report     },
984 silly audit report     {
984 silly audit report       id: 1139427,
984 silly audit report       url: 'https://github.com/advisories/GHSA-2v37-7h3g-55p8',
984 silly audit report       title: 'nanoid: custom generators can loop indefinitely when size is zero',
984 silly audit report       severity: 'high',
984 silly audit report       vulnerable_versions: '<3.3.18',
984 silly audit report       cwe: [Array],
984 silly audit report       cvss: [Object]
984 silly audit report     }
984 silly audit report   ],
984 silly audit report   next: [
984 silly audit report     {
984 silly audit report       id: 1117930,
984 silly audit report       url: 'https://github.com/advisories/GHSA-8h8q-6873-q5fj',
984 silly audit report       title: 'Next.js Vulnerable to Denial of Service with Server Components',
984 silly audit report       severity: 'high',
984 silly audit report       vulnerable_versions: '>=16.0.0 <16.2.5',
984 silly audit report       cwe: [Array],
984 silly audit report       cvss: [Object]
984 silly audit report     },
984 silly audit report     {
984 silly audit report       id: 1118938,
984 silly audit report       url: 'https://github.com/advisories/GHSA-26hh-7cqf-hhc6',
984 silly audit report       title: 'Next.js has a Middleware / Proxy bypass in App Router applications via segment-prefetch routes - Incomplete Fix Follow-Up',
984 silly audit report       severity: 'high',
984 silly audit report       vulnerable_versions: '>=16.0.0 <16.2.6',
984 silly audit report       cwe: [Array],
984 silly audit report       cvss: [Object]
984 silly audit report     },
984 silly audit report     {
984 silly audit report       id: 1118941,
984 silly audit report       url: 'https://github.com/advisories/GHSA-3g8h-86w9-wvmq',
984 silly audit report       title: "Next.js's Middleware / Proxy redirects can be cache-poisoned",
984 silly audit report       severity: 'low',
984 silly audit report       vulnerable_versions: '>=16.0.0 <16.2.5',
984 silly audit report       cwe: [Array],
984 silly audit report       cvss: [Object]
984 silly audit report     },
984 silly audit report     {
984 silly audit report       id: 1118943,
984 silly audit report       url: 'https://github.com/advisories/GHSA-ffhc-5mcf-pf4q',
984 silly audit report       title: 'Next.js vulnerable to cross-site scripting in App Router applications using CSP nonces',
984 silly audit report       severity: 'moderate',
984 silly audit report       vulnerable_versions: '>=16.0.0 <16.2.5',
984 silly audit report       cwe: [Array],
984 silly audit report       cvss: [Object]
984 silly audit report     },
984 silly audit report     {
984 silly audit report       id: 1118945,
984 silly audit report       url: 'https://github.com/advisories/GHSA-vfv6-92ff-j949',
984 silly audit report       title: 'Next.js vulnerable to cache poisoning via collisions in React Server Component cache-busting',
984 silly audit report       severity: 'low',
984 silly audit report       vulnerable_versions: '>=16.0.0 <16.2.5',
984 silly audit report       cwe: [Array],
984 silly audit report       cvss: [Object]
984 silly audit report     },
984 silly audit report     {
984 silly audit report       id: 1118947,
984 silly audit report       url: 'https://github.com/advisories/GHSA-gx5p-jg67-6x7h',
984 silly audit report       title: 'Next.js has cross-site scripting in beforeInteractive scripts with untrusted input',
984 silly audit report       severity: 'moderate',
984 silly audit report       vulnerable_versions: '>=16.0.0 <16.2.5',
984 silly audit report       cwe: [Array],
984 silly audit report       cvss: [Object]
984 silly audit report     },
984 silly audit report     {
984 silly audit report       id: 1118949,
984 silly audit report       url: 'https://github.com/advisories/GHSA-mg66-mrh9-m8jx',
984 silly audit report       title: 'Next.js vulnerable to Denial of Service via connection exhaustion in applications using Cache Components',
984 silly audit report       severity: 'high',
984 silly audit report       vulnerable_versions: '>=16.0.0 <16.2.5',
984 silly audit report       cwe: [Array],
984 silly audit report       cvss: [Object]
984 silly audit report     },
984 silly audit report     {
984 silly audit report       id: 1118951,
984 silly audit report       url: 'https://github.com/advisories/GHSA-h64f-5h5j-jqjh',
984 silly audit report       title: 'Next.js has a Denial of Service in the Image Optimization API',
984 silly audit report       severity: 'moderate',
984 silly audit report       vulnerable_versions: '>=16.0.0 <16.2.5',
984 silly audit report       cwe: [Array],
984 silly audit report       cvss: [Object]
984 silly audit report     },
984 silly audit report     {
984 silly audit report       id: 1118953,
984 silly audit report       url: 'https://github.com/advisories/GHSA-c4j6-fc7j-m34r',
984 silly audit report       title: 'Next.js vulnerable to server-side request forgery in applications using WebSocket upgrades',
984 silly audit report       severity: 'high',
984 silly audit report       vulnerable_versions: '>=16.0.0 <16.2.5',
984 silly audit report       cwe: [Array],
984 silly audit report       cvss: [Object]
984 silly audit report     },
984 silly audit report     {
984 silly audit report       id: 1118955,
984 silly audit report       url: 'https://github.com/advisories/GHSA-492v-c6pp-mqqv',
984 silly audit report       title: 'Next.js has a Middleware / Proxy bypass through dynamic route parameter injection',
984 silly audit report       severity: 'high',
984 silly audit report       vulnerable_versions: '>=16.0.0 <16.2.5',
984 silly audit report       cwe: [Array],
984 silly audit report       cvss: [Object]
984 silly audit report     },
984 silly audit report     {
984 silly audit report       id: 1118957,
984 silly audit report       url: 'https://github.com/advisories/GHSA-wfc6-r584-vfw7',
984 silly audit report       title: 'Next.js vulnerable to cache poisoning in React Server Component responses',
984 silly audit report       severity: 'moderate',
984 silly audit report       vulnerable_versions: '>=16.0.0 <16.2.5',
984 silly audit report       cwe: [Array],
984 silly audit report       cvss: [Object]
984 silly audit report     },
984 silly audit report     {
984 silly audit report       id: 1118959,
984 silly audit report       url: 'https://github.com/advisories/GHSA-267c-6grr-h53f',
984 silly audit report       title: 'Next.js has a Middleware / Proxy bypass in App Router applications via segment-prefetch routes',
984 silly audit report       severity: 'high',
984 silly audit report       vulnerable_versions: '>=16.0.0 <16.2.5',
984 silly audit report       cwe: [Array],
984 silly audit report       cvss: [Object]
984 silly audit report     },
984 silly audit report     {
984 silly audit report       id: 1118961,
984 silly audit report       url: 'https://github.com/advisories/GHSA-36qx-fr4f-26g5',
984 silly audit report       title: 'Next.js has a Middleware / Proxy bypass in Pages Router applications using i18n',
984 silly audit report       severity: 'high',
984 silly audit report       vulnerable_versions: '>=16.0.0 <16.2.5',
984 silly audit report       cwe: [Array],
984 silly audit report       cvss: [Object]
984 silly audit report     },
984 silly audit report     {
984 silly audit report       id: 1124184,
984 silly audit report       url: 'https://github.com/advisories/GHSA-89xv-2m56-2m9x',
984 silly audit report       title: 'Next.js: Server-Side Request Forgery in Server Actions on custom servers',
984 silly audit report       severity: 'high',
984 silly audit report       vulnerable_versions: '>=16.0.0 <16.2.11',
984 silly audit report       cwe: [Array],
984 silly audit report       cvss: [Object]
984 silly audit report     },
984 silly audit report     {
984 silly audit report       id: 1124186,
984 silly audit report       url: 'https://github.com/advisories/GHSA-68g3-v927-f742',
984 silly audit report       title: 'Next.js: Cache confusion of response bodies for requests with bodies',
984 silly audit report       severity: 'moderate',
984 silly audit report       vulnerable_versions: '>=16.0.0 <16.2.11',
984 silly audit report       cwe: [Array],
984 silly audit report       cvss: [Object]
984 silly audit report     },
984 silly audit report     {
984 silly audit report       id: 1124170,
984 silly audit report       url: 'https://github.com/advisories/GHSA-6gpp-xcg3-4w24',
984 silly audit report       title: 'Next.js: Middleware / Proxy bypass in App Router applications using Turbopack and single locale',
984 silly audit report       severity: 'high',
984 silly audit report       vulnerable_versions: '>=16.0.0 <16.2.11',
984 silly audit report       cwe: [Array],
984 silly audit report       cvss: [Object]
984 silly audit report     },
984 silly audit report     {
984 silly audit report       id: 1124171,
984 silly audit report       url: 'https://github.com/advisories/GHSA-m99w-x7hq-7vfj',
984 silly audit report       title: 'Next.js: Denial of Service in App Router using Server Actions',
984 silly audit report       severity: 'high',
984 silly audit report       vulnerable_versions: '>=16.0.0 <16.2.11',
984 silly audit report       cwe: [Array],
984 silly audit report       cvss: [Object]
984 silly audit report     },
984 silly audit report     {
984 silly audit report       id: 1124188,
984 silly audit report       url: 'https://github.com/advisories/GHSA-4633-3j49-mh5q',
984 silly audit report       title: 'Next.js: Cache confusion of response bodies for requests with bodies containing invalid UTF-8 byte sequences',
984 silly audit report       severity: 'moderate',
984 silly audit report       vulnerable_versions: '>=16.0.0 <16.2.11',
984 silly audit report       cwe: [Array],
984 silly audit report       cvss: [Object]
984 silly audit report     },
984 silly audit report     {
984 silly audit report       id: 1124190,
984 silly audit report       url: 'https://github.com/advisories/GHSA-4c39-4ccg-62r3',
984 silly audit report       title: 'Next.js: Unbounded Server Action payload in Edge runtime',
984 silly audit report       severity: 'moderate',
984 silly audit report       vulnerable_versions: '>=16.0.0 <16.2.11',
984 silly audit report       cwe: [Array],
984 silly audit report       cvss: [Object]
984 silly audit report     },
984 silly audit report     {
984 silly audit report       id: 1124192,
984 silly audit report       url: 'https://github.com/advisories/GHSA-p9j2-gv94-2wf4',
984 silly audit report       title: 'Next.js: Server-Side Request Forgery in rewrites via attacker-controlled destination hostname',
984 silly audit report       severity: 'high',
984 silly audit report       vulnerable_versions: '>=16.0.0 <16.2.11',
984 silly audit report       cwe: [Array],
984 silly audit report       cvss: [Object]
984 silly audit report     },
984 silly audit report     {
984 silly audit report       id: 1124194,
984 silly audit report       url: 'https://github.com/advisories/GHSA-q8wf-6r8g-63ch',
984 silly audit report       title: 'Next.js: Denial of Service in the Image Optimization API using SVGs',
984 silly audit report       severity: 'moderate',
984 silly audit report       vulnerable_versions: '>=16.0.0 <16.2.11',
984 silly audit report       cwe: [Array],
984 silly audit report       cvss: [Object]
984 silly audit report     },
984 silly audit report     {
984 silly audit report       id: 1124196,
984 silly audit report       url: 'https://github.com/advisories/GHSA-955p-x3mx-jcvp',
984 silly audit report       title: 'Next.js: Unauthenticated disclosure of internal Server Function endpoints',
984 silly audit report       severity: 'moderate',
984 silly audit report       vulnerable_versions: '>=16.0.0 <16.2.11',
984 silly audit report       cwe: [Array],
984 silly audit report       cvss: [Object]
984 silly audit report     }
984 silly audit report   ],
984 silly audit report   postcss: [
984 silly audit report     {
984 silly audit report       id: 1130709,
984 silly audit report       url: 'https://github.com/advisories/GHSA-fxqj-rqcc-2cmp',
984 silly audit report       title: 'PostCSS: incomplete fix of GHSA-6g55-p6wh-862q — attacker-controlled sourceMappingURL reads arbitrary .map files when `from` is unset',
984 silly audit report       severity: 'moderate',
984 silly audit report       vulnerable_versions: '<=8.5.22',
984 silly audit report       cwe: [Array],
984 silly audit report       cvss: [Object]
984 silly audit report     },
984 silly audit report     {
984 silly audit report       id: 1117015,
984 silly audit report       url: 'https://github.com/advisories/GHSA-qx2v-qp2m-jg93',
984 silly audit report       title: 'PostCSS has XSS via Unescaped </style> in its CSS Stringify Output',
984 silly audit report       severity: 'moderate',
984 silly audit report       vulnerable_versions: '<8.5.10',
984 silly audit report       cwe: [Array],
984 silly audit report       cvss: [Object]
984 silly audit report     },
984 silly audit report     {
984 silly audit report       id: 1124252,
984 silly audit report       url: 'https://github.com/advisories/GHSA-6g55-p6wh-862q',
984 silly audit report       title: 'PostCSS: Arbitrary file read and information disclosure via attacker-controlled sourceMappingURL in CSS comments',
984 silly audit report       severity: 'high',
984 silly audit report       vulnerable_versions: '<=8.5.11',
984 silly audit report       cwe: [Array],
984 silly audit report       cvss: [Object]
984 silly audit report     },
984 silly audit report     {
984 silly audit report       id: 1139510,
984 silly audit report       url: 'https://github.com/advisories/GHSA-r28c-9q8g-f849',
984 silly audit report       title: 'PostCSS: Path Traversal in Previous Source Map Auto-Loading (sourceMappingURL) leads to Arbitrary .map File Disclosure',
984 silly audit report       severity: 'high',
984 silly audit report       vulnerable_versions: '<=8.5.17',
984 silly audit report       cwe: [Array],
984 silly audit report       cvss: [Object]
984 silly audit report     }
984 silly audit report   ],
984 silly audit report   sharp: [
984 silly audit report     {
984 silly audit report       id: 1124066,
984 silly audit report       url: 'https://github.com/advisories/GHSA-f88m-g3jw-g9cj',
984 silly audit report       title: 'sharp inherited vulnerabilities in libvips: CVE-2026-33327, CVE-2026-33328, CVE-2026-35590, CVE-2026-35591',
984 silly audit report       severity: 'high',
984 silly audit report       vulnerable_versions: '<0.35.0',
984 silly audit report       cwe: [Array],
984 silly audit report       cvss: [Object]
984 silly audit report     }
984 silly audit report   ],
984 silly audit report   ws: [
984 silly audit report     {
984 silly audit report       id: 1119108,
984 silly audit report       url: 'https://github.com/advisories/GHSA-58qx-3vcg-4xpx',
984 silly audit report       title: 'ws: Uninitialized memory disclosure',
984 silly audit report       severity: 'moderate',
984 silly audit report       vulnerable_versions: '>=8.0.0 <8.20.1',
984 silly audit report       cwe: [Array],
984 silly audit report       cvss: [Object]
984 silly audit report     },
984 silly audit report     {
984 silly audit report       id: 1123259,
984 silly audit report       url: 'https://github.com/advisories/GHSA-96hv-2xvq-fx4p',
984 silly audit report       title: 'ws: Memory exhaustion DoS from tiny fragments and data chunks',
984 silly audit report       severity: 'high',
984 silly audit report       vulnerable_versions: '>=8.0.0 <8.21.0',
984 silly audit report       cwe: [Array],
984 silly audit report       cvss: [Object]
984 silly audit report     }
984 silly audit report   ]
984 silly audit report }
985 silly packumentCache corgi:https://registry.npmjs.org/@babel%2fcore cache-miss
986 silly packumentCache corgi:https://registry.npmjs.org/brace-expansion cache-miss
987 silly packumentCache corgi:https://registry.npmjs.org/js-yaml cache-miss
988 silly packumentCache corgi:https://registry.npmjs.org/nanoid cache-miss
989 silly packumentCache corgi:https://registry.npmjs.org/next cache-miss
990 silly packumentCache corgi:https://registry.npmjs.org/postcss cache-miss
991 silly packumentCache corgi:https://registry.npmjs.org/sharp cache-miss
992 silly packumentCache corgi:https://registry.npmjs.org/ws cache-miss
993 http fetch GET 200 https://registry.npmjs.org/@webassemblyjs/utf8/-/utf8-1.13.2.tgz 148ms (cache miss)
994 http fetch GET 200 https://registry.npmjs.org/@jridgewell/source-map/-/source-map-0.3.11.tgz 155ms (cache miss)
995 http fetch GET 200 https://registry.npmjs.org/@webassemblyjs/ieee754/-/ieee754-1.13.2.tgz 173ms (cache miss)
996 http fetch GET 200 https://registry.npmjs.org/@webassemblyjs/wast-printer/-/wast-printer-1.14.1.tgz 177ms (cache miss)
997 http fetch GET 200 https://registry.npmjs.org/@webassemblyjs/wasm-gen/-/wasm-gen-1.14.1.tgz 177ms (cache miss)
998 http fetch GET 200 https://registry.npmjs.org/source-map/-/source-map-0.6.1.tgz 182ms (cache miss)
999 http fetch GET 200 https://registry.npmjs.org/@webassemblyjs/wasm-opt/-/wasm-opt-1.14.1.tgz 178ms (cache miss)
1000 http fetch GET 200 https://registry.npmjs.org/ajv-formats/-/ajv-formats-2.1.1.tgz 181ms (cache miss)
1001 http fetch GET 200 https://registry.npmjs.org/@webassemblyjs/helper-wasm-section/-/helper-wasm-section-1.14.1.tgz 181ms (cache miss)
1002 http fetch GET 200 https://registry.npmjs.org/@webassemblyjs/floating-point-hex-parser/-/floating-point-hex-parser-1.13.2.tgz 188ms (cache miss)
1003 http fetch GET 200 https://registry.npmjs.org/@webassemblyjs/helper-buffer/-/helper-buffer-1.14.1.tgz 189ms (cache miss)
1004 http fetch GET 200 https://registry.npmjs.org/@webassemblyjs/helper-api-error/-/helper-api-error-1.13.2.tgz 195ms (cache miss)
1005 http fetch GET 200 https://registry.npmjs.org/fast-uri/-/fast-uri-3.1.6.tgz 207ms (cache miss)
1006 http fetch GET 200 https://registry.npmjs.org/@webassemblyjs/helper-numbers/-/helper-numbers-1.13.2.tgz 213ms (cache miss)
1007 http fetch GET 200 https://registry.npmjs.org/@xtuc/long/-/long-4.2.2.tgz 219ms (cache miss)
1008 http fetch GET 200 https://registry.npmjs.org/mime-db/-/mime-db-1.54.0.tgz 222ms (cache miss)
1009 http fetch GET 200 https://registry.npmjs.org/chrome-trace-event/-/chrome-trace-event-1.0.4.tgz 222ms (cache miss)
1010 http fetch GET 200 https://registry.npmjs.org/@webassemblyjs/wasm-edit/-/wasm-edit-1.14.1.tgz 233ms (cache miss)
1011 http fetch GET 200 https://registry.npmjs.org/jest-worker/-/jest-worker-27.5.1.tgz 246ms (cache miss)
1012 http fetch GET 200 https://registry.npmjs.org/minimizer-webpack-plugin/-/minimizer-webpack-plugin-5.8.0.tgz 246ms (cache miss)
1013 http fetch GET 200 https://registry.npmjs.org/@webassemblyjs/helper-wasm-bytecode/-/helper-wasm-bytecode-1.13.2.tgz 273ms (cache miss)
1014 http fetch GET 200 https://registry.npmjs.org/watchpack/-/watchpack-2.5.2.tgz 282ms (cache miss)
1015 http fetch GET 200 https://registry.npmjs.org/standardwebhooks/-/standardwebhooks-1.0.0.tgz 289ms (cache miss)
1016 http fetch GET 200 https://registry.npmjs.org/webpack-sources/-/webpack-sources-3.5.1.tgz 292ms (cache miss)
1017 http fetch GET 200 https://registry.npmjs.org/@stablelib/base64/-/base64-1.0.1.tgz 298ms (cache miss)
1018 http fetch GET 200 https://registry.npmjs.org/fast-sha256/-/fast-sha256-1.3.0.tgz 302ms (cache miss)
1019 http fetch GET 200 https://registry.npmjs.org/schema-utils/-/schema-utils-4.3.3.tgz 314ms (cache miss)
1020 http fetch GET 200 https://registry.npmjs.org/whatwg-url/-/whatwg-url-5.0.0.tgz 313ms (cache miss)
1021 http fetch GET 200 https://registry.npmjs.org/@webassemblyjs/wasm-parser/-/wasm-parser-1.14.1.tgz 318ms (cache miss)
1022 http fetch GET 200 https://registry.npmjs.org/module-details-from-path/-/module-details-from-path-1.0.4.tgz 321ms (cache miss)
1023 http fetch GET 200 https://registry.npmjs.org/type-fest/-/type-fest-0.7.1.tgz 335ms (cache miss)
1024 http fetch GET 200 https://registry.npmjs.org/agent-base/-/agent-base-6.0.2.tgz 349ms (cache miss)
1025 http fetch GET 200 https://registry.npmjs.org/events/-/events-3.3.0.tgz 360ms (cache miss)
1026 http fetch GET 200 https://registry.npmjs.org/minipass/-/minipass-7.1.3.tgz 360ms (cache miss)
1027 http fetch GET 200 https://registry.npmjs.org/terser/-/terser-5.51.2.tgz 365ms (cache miss)
1028 http fetch GET 200 https://registry.npmjs.org/require-in-the-middle/-/require-in-the-middle-8.0.1.tgz 808ms (cache miss)
1029 http fetch GET 200 https://registry.npmjs.org/cjs-module-lexer/-/cjs-module-lexer-2.2.1.tgz 822ms (cache miss)
1030 http fetch GET 200 https://registry.npmjs.org/proxy-from-env/-/proxy-from-env-1.1.0.tgz 829ms (cache miss)
1031 http fetch GET 200 https://registry.npmjs.org/path-scurry/-/path-scurry-2.0.2.tgz 836ms (cache miss)
1032 http fetch GET 200 https://registry.npmjs.org/progress/-/progress-2.0.3.tgz 837ms (cache miss)
1033 http fetch GET 200 https://registry.npmjs.org/node-fetch/-/node-fetch-2.7.0.tgz 849ms (cache miss)
1034 http fetch GET 200 https://registry.npmjs.org/@webassemblyjs/ast/-/ast-1.14.1.tgz 854ms (cache miss)
1035 http fetch GET 200 https://registry.npmjs.org/@sentry/replay-canvas/-/replay-canvas-10.72.0.tgz 855ms (cache miss)
1036 http fetch GET 200 https://registry.npmjs.org/postal-mime/-/postal-mime-2.7.5.tgz 862ms (cache miss)
1037 http fetch GET 200 https://registry.npmjs.org/import-in-the-middle/-/import-in-the-middle-3.4.0.tgz 893ms (cache miss)
1038 http fetch GET 200 https://registry.npmjs.org/is-reference/-/is-reference-1.2.1.tgz 913ms (cache miss)
1039 http fetch GET 200 https://registry.npmjs.org/@rollup/pluginutils/-/pluginutils-5.4.0.tgz 932ms (cache miss)
1040 http fetch GET 200 https://registry.npmjs.org/dotenv/-/dotenv-16.6.1.tgz 933ms (cache miss)
1041 http fetch GET 200 https://registry.npmjs.org/https-proxy-agent/-/https-proxy-agent-5.0.1.tgz 949ms (cache miss)
1042 http fetch GET 200 https://registry.npmjs.org/commondir/-/commondir-1.0.1.tgz 995ms (cache miss)
1043 http fetch GET 200 https://registry.npmjs.org/@sentry/babel-plugin-component-annotate/-/babel-plugin-component-annotate-5.3.0.tgz 1012ms (cache miss)
1044 http fetch GET 200 https://registry.npmjs.org/@sentry/cli/-/cli-2.58.6.tgz 1021ms (cache miss)
1045 http fetch GET 200 https://registry.npmjs.org/@sentry/cli-win32-x64/-/cli-win32-x64-2.58.6.tgz 1026ms (cache miss)
1046 http fetch GET 200 https://registry.npmjs.org/stacktrace-parser/-/stacktrace-parser-0.1.11.tgz 1049ms (cache miss)
1047 http fetch GET 200 https://registry.npmjs.org/neo-async/-/neo-async-2.6.2.tgz 1188ms (cache miss)
1048 http fetch GET 200 https://registry.npmjs.org/@sentry/webpack-plugin/-/webpack-plugin-5.4.0.tgz 1193ms (cache miss)
1049 http fetch GET 200 https://registry.npmjs.org/glob/-/glob-13.0.6.tgz 1330ms (cache miss)
1050 http fetch GET 200 https://registry.npmjs.org/@sentry/feedback/-/feedback-10.72.0.tgz 1584ms (cache miss)
1051 http fetch GET 200 https://registry.npmjs.org/@opentelemetry/api-logs/-/api-logs-0.220.0.tgz 1588ms (cache miss)
1052 http fetch GET 200 https://registry.npmjs.org/@opentelemetry/instrumentation/-/instrumentation-0.220.0.tgz 2229ms (cache miss)
1053 http fetch GET 200 https://registry.npmjs.org/@opentelemetry/semantic-conventions/-/semantic-conventions-1.43.0.tgz 2963ms (cache miss)
1054 http fetch GET 200 https://registry.npmjs.org/@rollup/plugin-commonjs/-/plugin-commonjs-28.0.1.tgz 2972ms (cache miss)
1055 http fetch GET 200 https://registry.npmjs.org/@sentry/bundler-plugins/-/bundler-plugins-10.72.0.tgz 2985ms (cache miss)
1056 http fetch GET 200 https://registry.npmjs.org/@sentry/conventions/-/conventions-0.16.0.tgz 2980ms (cache miss)
1057 http fetch GET 200 https://registry.npmjs.org/@sentry/react/-/react-10.72.0.tgz 2989ms (cache miss)
1058 http fetch GET 200 https://registry.npmjs.org/@sentry/bundler-plugin-core/-/bundler-plugin-core-5.3.0.tgz 3039ms (cache miss)
1059 http fetch GET 200 https://registry.npmjs.org/@opentelemetry/sdk-trace-base/-/sdk-trace-base-2.10.0.tgz 3123ms (cache miss)
1060 http fetch GET 200 https://registry.npmjs.org/@sentry/opentelemetry/-/opentelemetry-10.72.0.tgz 3140ms (cache miss)
1061 http fetch GET 200 https://registry.npmjs.org/@types/react-dom/-/react-dom-19.2.3.tgz 3183ms (cache miss)
1062 http fetch GET 200 https://registry.npmjs.org/@tailwindcss/postcss/-/postcss-4.2.4.tgz 3188ms (cache miss)
1063 http fetch GET 200 https://registry.npmjs.org/@sentry/replay/-/replay-10.72.0.tgz 3201ms (cache miss)
1064 http fetch GET 200 https://registry.npmjs.org/@types/react/-/react-19.2.14.tgz 3206ms (cache miss)
1065 http fetch GET 200 https://registry.npmjs.org/@sentry/vercel-edge/-/vercel-edge-10.72.0.tgz 3220ms (cache miss)
1066 http fetch GET 200 https://registry.npmjs.org/resend/-/resend-6.25.0.tgz 3516ms (cache miss)
1067 http fetch GET 200 https://registry.npmjs.org/qs/-/qs-6.15.3.tgz 3583ms (cache miss)
1068 http fetch GET 200 https://registry.npmjs.org/@types/node/-/node-20.19.39.tgz 3643ms (cache miss)
1069 http fetch GET 200 https://registry.npmjs.org/@supabase/supabase-js/-/supabase-js-2.105.1.tgz 3661ms (cache miss)
1070 http fetch GET 200 https://registry.npmjs.org/@opentelemetry/resources/-/resources-2.10.0.tgz 3753ms (cache miss)
1071 http fetch GET 200 https://registry.npmjs.org/@opentelemetry/sdk-trace/-/sdk-trace-2.10.0.tgz 3760ms (cache miss)
1072 http fetch GET 200 https://registry.npmjs.org/supabase/-/supabase-2.110.0.tgz 3765ms (cache miss)
1073 http fetch GET 200 https://registry.npmjs.org/tsx/-/tsx-4.22.4.tgz 3779ms (cache miss)
1074 http fetch GET 200 https://registry.npmjs.org/tailwindcss/-/tailwindcss-4.2.4.tgz 3799ms (cache miss)
1075 http fetch GET 200 https://registry.npmjs.org/react/-/react-19.2.4.tgz 3812ms (cache miss)
1076 http fetch GET 200 https://registry.npmjs.org/eslint-config-next/-/eslint-config-next-16.2.4.tgz 3860ms (cache miss)
1077 http fetch GET 200 https://registry.npmjs.org/@opentelemetry/core/-/core-2.10.0.tgz 3892ms (cache miss)
1078 http fetch GET 200 https://registry.npmjs.org/vitest/-/vitest-3.2.7.tgz 4076ms (cache miss)
1079 http fetch GET 200 https://registry.npmjs.org/side-channel/-/side-channel-1.1.1.tgz 4097ms (cache miss)
1080 http fetch GET 200 https://registry.npmjs.org/@sentry/node-core/-/node-core-10.72.0.tgz 4148ms (cache miss)
1081 http fetch GET 200 https://registry.npmjs.org/babel-plugin-react-compiler/-/babel-plugin-react-compiler-1.0.0.tgz 4217ms (cache miss)
1082 http fetch GET 200 https://registry.npmjs.org/react-dom/-/react-dom-19.2.4.tgz 4348ms (cache miss)
1083 http fetch GET 200 https://registry.npmjs.org/enhanced-resolve/-/enhanced-resolve-5.24.5.tgz 5082ms (cache miss)
1084 http fetch GET 200 https://registry.npmjs.org/@supabase/ssr/-/ssr-0.10.2.tgz 5096ms (cache miss)
1085 http fetch GET 200 https://registry.npmjs.org/json-schema-traverse/-/json-schema-traverse-1.0.0.tgz 5119ms (cache miss)
1086 http fetch GET 200 https://registry.npmjs.org/json-schema-traverse/-/json-schema-traverse-1.0.0.tgz 5353ms (cache miss)
1087 http fetch GET 200 https://registry.npmjs.org/supports-color/-/supports-color-8.1.1.tgz 5446ms (cache miss)
1088 http fetch GET 200 https://registry.npmjs.org/@sentry/browser/-/browser-10.72.0.tgz 5656ms (cache miss)
1089 http fetch GET 200 https://registry.npmjs.org/dotenv/-/dotenv-17.4.2.tgz 5754ms (cache miss)
1090 http fetch GET 200 https://registry.npmjs.org/typescript/-/typescript-5.9.3.tgz 5816ms (cache miss)
1091 http fetch GET 200 https://registry.npmjs.org/ajv-keywords/-/ajv-keywords-5.1.0.tgz 5840ms (cache miss)
1092 http fetch GET 200 https://registry.npmjs.org/estree-walker/-/estree-walker-2.0.2.tgz 5891ms (cache miss)
1093 http fetch GET 200 https://registry.npmjs.org/balanced-match/-/balanced-match-4.0.4.tgz 5927ms (cache miss)
1094 http fetch GET 200 https://registry.npmjs.org/es-module-lexer/-/es-module-lexer-2.3.2.tgz 6039ms (cache miss)
1095 http fetch GET 200 https://registry.npmjs.org/es-module-lexer/-/es-module-lexer-2.3.2.tgz 6054ms (cache miss)
1096 http fetch GET 200 https://registry.npmjs.org/lru-cache/-/lru-cache-11.5.2.tgz 6069ms (cache miss)
1097 http fetch GET 200 https://registry.npmjs.org/picomatch/-/picomatch-4.0.7.tgz 6139ms (cache miss)
1098 http fetch GET 200 https://registry.npmjs.org/brace-expansion/-/brace-expansion-5.0.9.tgz 6159ms (cache miss)
1099 http fetch GET 200 https://registry.npmjs.org/fdir/-/fdir-6.5.0.tgz 6200ms (cache miss)
1100 http fetch GET 200 https://registry.npmjs.org/picomatch/-/picomatch-4.0.5.tgz 6272ms (cache miss)
1101 http fetch GET 200 https://registry.npmjs.org/@sentry/browser-utils/-/browser-utils-10.72.0.tgz 6290ms (cache miss)
1102 http fetch GET 200 https://registry.npmjs.org/picomatch/-/picomatch-4.0.7.tgz 6306ms (cache miss)
1103 http fetch GET 200 https://registry.npmjs.org/globals/-/globals-16.4.0.tgz 6488ms (cache miss)
1104 http fetch GET 200 https://registry.npmjs.org/minimatch/-/minimatch-10.2.6.tgz 6498ms (cache miss)
1105 http fetch GET 200 https://registry.npmjs.org/js-yaml 6414ms (cache miss)
1106 silly packumentCache corgi:https://registry.npmjs.org/js-yaml set size:undefined disposed:false
1107 http fetch GET 200 https://registry.npmjs.org/estree-walker/-/estree-walker-2.0.2.tgz 6540ms (cache miss)
1108 http fetch GET 200 https://registry.npmjs.org/@babel%2fcore 6423ms (cache miss)
1109 silly packumentCache corgi:https://registry.npmjs.org/@babel%2fcore set size:undefined disposed:false
1110 http fetch GET 200 https://registry.npmjs.org/nanoid 6464ms (cache miss)
1111 silly packumentCache corgi:https://registry.npmjs.org/nanoid set size:undefined disposed:false
1112 http fetch GET 200 https://registry.npmjs.org/sharp 6471ms (cache miss)
1113 silly packumentCache corgi:https://registry.npmjs.org/sharp set size:undefined disposed:false
1114 http fetch GET 200 https://registry.npmjs.org/brace-expansion 6486ms (cache miss)
1115 silly packumentCache corgi:https://registry.npmjs.org/brace-expansion set size:undefined disposed:false
1116 http fetch GET 200 https://registry.npmjs.org/postcss 6491ms (cache miss)
1117 silly packumentCache corgi:https://registry.npmjs.org/postcss set size:undefined disposed:false
1118 http fetch GET 200 https://registry.npmjs.org/ws 6508ms (cache miss)
1119 silly packumentCache corgi:https://registry.npmjs.org/ws set size:undefined disposed:false
1120 http fetch GET 200 https://registry.npmjs.org/postcss/-/postcss-8.4.31.tgz 6647ms (cache miss)
1121 http fetch GET 200 https://registry.npmjs.org/framer-motion/-/framer-motion-12.42.2.tgz 6700ms (cache miss)
1122 http fetch GET 200 https://registry.npmjs.org/@opentelemetry/api/-/api-1.9.1.tgz 6769ms (cache miss)
1123 http fetch GET 200 https://registry.npmjs.org/webpack/-/webpack-5.110.2.tgz 6838ms (cache miss)
1124 http fetch GET 200 https://registry.npmjs.org/stripe/-/stripe-18.5.0.tgz 8201ms (cache miss)
1125 http fetch GET 200 https://registry.npmjs.org/eslint/-/eslint-9.39.4.tgz 8308ms (cache miss)
1126 http fetch GET 200 https://registry.npmjs.org/ajv/-/ajv-8.20.0.tgz 8311ms (cache miss)
1127 http fetch GET 200 https://registry.npmjs.org/next 8238ms (cache miss)
1128 silly packumentCache corgi:https://registry.npmjs.org/next set size:undefined disposed:false
1129 silly packumentCache corgi:https://registry.npmjs.org/@babel%2fhelper-module-transforms cache-miss
1130 silly packumentCache corgi:https://registry.npmjs.org/eslint-plugin-react-hooks cache-miss
1131 silly packumentCache corgi:https://registry.npmjs.org/@sentry%2fbundler-plugin-core cache-miss
1132 silly packumentCache corgi:https://registry.npmjs.org/@sentry%2fbundler-plugins cache-miss
1133 http fetch GET 200 https://registry.npmjs.org/@babel%2fhelper-module-transforms 44ms (cache miss)
1134 silly packumentCache corgi:https://registry.npmjs.org/@babel%2fhelper-module-transforms set size:undefined disposed:false
1135 http fetch GET 200 https://registry.npmjs.org/@sentry%2fbundler-plugins 65ms (cache miss)
1136 silly packumentCache corgi:https://registry.npmjs.org/@sentry%2fbundler-plugins set size:undefined disposed:false
1137 http fetch GET 200 https://registry.npmjs.org/@sentry%2fbundler-plugin-core 67ms (cache miss)
1138 silly packumentCache corgi:https://registry.npmjs.org/@sentry%2fbundler-plugin-core set size:undefined disposed:false
1139 http fetch GET 200 https://registry.npmjs.org/@sentry/node/-/node-10.72.0.tgz 9289ms (cache miss)
1140 http fetch GET 200 https://registry.npmjs.org/eslint-plugin-react-hooks 156ms (cache miss)
1141 silly packumentCache corgi:https://registry.npmjs.org/eslint-plugin-react-hooks set size:undefined disposed:false
1142 silly packumentCache corgi:https://registry.npmjs.org/minimatch cache-miss
1143 http fetch GET 200 https://registry.npmjs.org/@sentry/nextjs/-/nextjs-10.72.0.tgz 9399ms (cache miss)
1144 http fetch GET 200 https://registry.npmjs.org/ajv/-/ajv-8.20.0.tgz 9400ms (cache miss)
1145 http fetch GET 200 https://registry.npmjs.org/@sentry/server-utils/-/server-utils-10.72.0.tgz 9424ms (cache miss)
1146 http fetch GET 200 https://registry.npmjs.org/minimatch 93ms (cache miss)
1147 silly packumentCache corgi:https://registry.npmjs.org/minimatch set size:undefined disposed:false
1148 silly packumentCache corgi:https://registry.npmjs.org/@eslint%2feslintrc cache-miss
1149 http fetch GET 200 https://registry.npmjs.org/@eslint%2feslintrc 60ms (cache miss)
1150 silly packumentCache corgi:https://registry.npmjs.org/@eslint%2feslintrc set size:undefined disposed:false
1151 silly packumentCache corgi:https://registry.npmjs.org/@sentry%2fnextjs cache-miss
1152 http fetch GET 200 https://registry.npmjs.org/@sentry%2fnextjs 81ms (cache miss)
1153 silly packumentCache corgi:https://registry.npmjs.org/@sentry%2fnextjs set size:undefined disposed:false
1154 silly packumentCache corgi:https://registry.npmjs.org/@tailwindcss%2fpostcss cache-miss
1155 silly packumentCache corgi:https://registry.npmjs.org/vite cache-miss
1156 http fetch GET 200 https://registry.npmjs.org/vite 175ms (cache miss)
1157 silly packumentCache corgi:https://registry.npmjs.org/vite set size:undefined disposed:false
1158 http fetch GET 200 https://registry.npmjs.org/@tailwindcss%2fpostcss 324ms (cache miss)
1159 silly packumentCache corgi:https://registry.npmjs.org/@tailwindcss%2fpostcss set size:undefined disposed:false
1160 silly packumentCache corgi:https://registry.npmjs.org/@supabase%2frealtime-js cache-miss
1161 http fetch GET 200 https://registry.npmjs.org/@supabase%2frealtime-js 107ms (cache miss)
1162 silly packumentCache corgi:https://registry.npmjs.org/@supabase%2frealtime-js set size:undefined disposed:false
1163 http fetch GET 200 https://registry.npmjs.org/@sentry/core/-/core-10.72.0.tgz 10343ms (cache miss)
1164 http fetch GET 200 https://registry.npmjs.org/next/-/next-16.2.4.tgz 20685ms (cache miss)
1165 info run @sentry/cli@2.58.6 postinstall node_modules/@sentry/cli node ./scripts/install.js
1166 info run @sentry/cli@2.58.6 postinstall { code: 0, signal: null }
1167 silly ADD node_modules/require-from-string
1168 silly ADD node_modules/fast-uri
1169 silly ADD node_modules/webidl-conversions
1170 silly ADD node_modules/tr46
1171 silly ADD node_modules/source-map
1172 silly ADD node_modules/buffer-from
1173 silly ADD node_modules/source-map-support
1174 silly ADD node_modules/commander
1175 silly ADD node_modules/@jridgewell/source-map
1176 silly ADD node_modules/ajv-formats
1177 silly ADD node_modules/ajv-formats/node_modules/json-schema-traverse
1178 silly ADD node_modules/ajv-formats/node_modules/ajv
1179 silly ADD node_modules/merge-stream
1180 silly ADD node_modules/terser
1181 silly ADD node_modules/jest-worker
1182 silly ADD node_modules/jest-worker/node_modules/supports-color
1183 silly ADD node_modules/@xtuc/ieee754
1184 silly ADD node_modules/@webassemblyjs/utf8
1185 silly ADD node_modules/@webassemblyjs/leb128
1186 silly ADD node_modules/@webassemblyjs/ieee754
1187 silly ADD node_modules/@webassemblyjs/wast-printer
1188 silly ADD node_modules/@webassemblyjs/wasm-opt
1189 silly ADD node_modules/@webassemblyjs/wasm-gen
1190 silly ADD node_modules/@webassemblyjs/helper-wasm-section
1191 silly ADD node_modules/@webassemblyjs/helper-buffer
1192 silly ADD node_modules/@xtuc/long
1193 silly ADD node_modules/@webassemblyjs/helper-api-error
1194 silly ADD node_modules/@webassemblyjs/floating-point-hex-parser
1195 silly ADD node_modules/@webassemblyjs/helper-wasm-bytecode
1196 silly ADD node_modules/@webassemblyjs/helper-numbers
1197 silly ADD node_modules/webpack-sources
1198 silly ADD node_modules/watchpack
1199 silly ADD node_modules/schema-utils
1200 silly ADD node_modules/schema-utils/node_modules/json-schema-traverse
1201 silly ADD node_modules/schema-utils/node_modules/ajv-keywords
1202 silly ADD node_modules/schema-utils/node_modules/ajv
1203 silly ADD node_modules/neo-async
1204 silly ADD node_modules/minimizer-webpack-plugin
1205 silly ADD node_modules/mime-db
1206 silly ADD node_modules/events
1207 silly ADD node_modules/chrome-trace-event
1208 silly ADD node_modules/@webassemblyjs/wasm-parser
1209 silly ADD node_modules/@webassemblyjs/wasm-edit
1210 silly ADD node_modules/@webassemblyjs/ast
1211 silly ADD node_modules/fast-sha256
1212 silly ADD node_modules/@stablelib/base64
1213 silly ADD node_modules/type-fest
1214 silly ADD node_modules/standardwebhooks
1215 silly ADD node_modules/postal-mime
1216 silly ADD node_modules/whatwg-url
1217 silly ADD node_modules/module-details-from-path
1218 silly ADD node_modules/cjs-module-lexer
1219 silly ADD node_modules/agent-base
1220 silly ADD node_modules/path-scurry
1221 silly ADD node_modules/path-scurry/node_modules/lru-cache
1222 silly ADD node_modules/minipass
1223 silly ADD node_modules/@sentry/bundler-plugins
1224 silly ADD node_modules/@sentry/bundler-plugins/node_modules/dotenv
1225 silly ADD node_modules/@sentry/replay-canvas
1226 silly ADD node_modules/@sentry/replay
1227 silly ADD node_modules/@sentry/feedback
1228 silly ADD node_modules/@sentry/browser
1229 silly ADD node_modules/require-in-the-middle
1230 silly ADD node_modules/@opentelemetry/api-logs
1231 silly ADD node_modules/import-in-the-middle
1232 silly ADD node_modules/import-in-the-middle/node_modules/es-module-lexer
1233 silly ADD node_modules/@sentry/node-core
1234 silly ADD node_modules/@opentelemetry/instrumentation
1235 silly ADD node_modules/proxy-from-env
1236 silly ADD node_modules/progress
1237 silly ADD node_modules/node-fetch
1238 silly ADD node_modules/https-proxy-agent
1239 silly ADD node_modules/@sentry/cli-win32-x64
1240 silly ADD node_modules/glob
1241 silly ADD node_modules/glob/node_modules/balanced-match
1242 silly ADD node_modules/glob/node_modules/brace-expansion
1243 silly ADD node_modules/glob/node_modules/minimatch
1244 silly ADD node_modules/dotenv
1245 silly ADD node_modules/@sentry/cli
1246 silly ADD node_modules/@sentry/babel-plugin-component-annotate
1247 silly ADD node_modules/is-reference
1248 silly ADD node_modules/commondir
1249 silly ADD node_modules/@rollup/pluginutils
1250 silly ADD node_modules/@rollup/pluginutils/node_modules/picomatch
1251 silly ADD node_modules/@rollup/pluginutils/node_modules/estree-walker
1252 silly ADD node_modules/@opentelemetry/sdk-trace
1253 silly ADD node_modules/@opentelemetry/resources
1254 silly ADD node_modules/@opentelemetry/semantic-conventions
1255 silly ADD node_modules/stacktrace-parser
1256 silly ADD node_modules/webpack
1257 silly ADD node_modules/webpack/node_modules/es-module-lexer
1258 silly ADD node_modules/@sentry/webpack-plugin
1259 silly ADD node_modules/@sentry/vercel-edge
1260 silly ADD node_modules/@sentry/server-utils
1261 silly ADD node_modules/@sentry/react
1262 silly ADD node_modules/@opentelemetry/sdk-trace-base
1263 silly ADD node_modules/@opentelemetry/core
1264 silly ADD node_modules/@sentry/opentelemetry
1265 silly ADD node_modules/@sentry/node
1266 silly ADD node_modules/@sentry/core
1267 silly ADD node_modules/@sentry/conventions
1268 silly ADD node_modules/@sentry/bundler-plugin-core
1269 silly ADD node_modules/@sentry/browser-utils
1270 silly ADD node_modules/@rollup/plugin-commonjs
1271 silly ADD node_modules/@rollup/plugin-commonjs/node_modules/picomatch
1272 silly ADD node_modules/@rollup/plugin-commonjs/node_modules/fdir
1273 silly ADD node_modules/@rollup/plugin-commonjs/node_modules/estree-walker
1274 silly ADD node_modules/@opentelemetry/api
1275 silly ADD node_modules/resend
1276 silly ADD node_modules/@sentry/nextjs
1277 silly ADD node_modules/qs
1278 silly CHANGE node_modules/@tailwindcss/postcss
1279 silly CHANGE node_modules/@types/node
1280 silly CHANGE node_modules/@types/react-dom
1281 silly CHANGE node_modules/@types/react
1282 silly CHANGE node_modules/@supabase/supabase-js
1283 silly CHANGE node_modules/@supabase/ssr
1284 silly CHANGE node_modules/vitest
1285 silly ADD node_modules/vitest/node_modules/picomatch
1286 silly CHANGE node_modules/typescript
1287 silly CHANGE node_modules/tsx
1288 silly CHANGE node_modules/stripe
1289 silly CHANGE node_modules/tailwindcss
1290 silly CHANGE node_modules/supabase
1291 silly CHANGE node_modules/react
1292 silly CHANGE node_modules/babel-plugin-react-compiler
1293 silly CHANGE node_modules/eslint-config-next
1294 silly ADD node_modules/eslint-config-next/node_modules/globals
1295 silly CHANGE node_modules/framer-motion
1296 silly CHANGE node_modules/next
1297 silly ADD node_modules/next/node_modules/postcss
1298 silly REMOVE node_modules/justtcg-js
1299 silly CHANGE node_modules/react-dom
1300 silly CHANGE node_modules/eslint
1301 silly CHANGE node_modules/side-channel
1302 silly CHANGE node_modules/enhanced-resolve
1303 warn allow-scripts 4 packages have install scripts not yet covered by allowScripts:
1303 warn allow-scripts   esbuild@0.28.1 (install: (install scripts present))
1303 warn allow-scripts   sharp@0.34.5 (install: (install scripts present))
1303 warn allow-scripts   unrs-resolver@1.11.1 (install: (install scripts present))
1303 warn allow-scripts   @sentry/cli@2.58.6 (postinstall: node ./scripts/install.js)
1303 warn allow-scripts
1303 warn allow-scripts Run `npm approve-scripts --allow-scripts-pending` to review, or `npm approve-scripts <pkg>` to allow.
1304 verbose cwd C:\Users\Quintin\OneDrive\Documents\GitHub\TCG
1305 verbose os Windows_NT 10.0.26200
1306 verbose node v24.18.0
1307 verbose npm  v11.16.0
1308 notice
1308 notice New major version of npm available! 11.16.0 -> 12.0.2
1308 notice Changelog: https://github.com/npm/cli/releases/tag/v12.0.2
1308 notice To update run: npm install -g npm@12.0.2
1308 notice  { force: true, Symbol(proc-log.meta): true }
1309 verbose exit 0
1310 info ok
